SMA200,SMA200RATE,EMA50,EMA50RATE,RSI14,WilliamsPctR10,WilliamsPctR60,SOSC20,SOSC20RATE,CCI20,VMA200,VMA200RATE,label
0.0,0.806493639689,0.00217054353344,0.616214090137,0.186670453732,0.0294117647059,0.444186046512,0.903351776045,0.287360772937,0.652092046528,0.793148138763,0.959739141349,buy
0.00312873939248,0.818353089897,0.000111953334762,0.608219381603,0.186094988442,0.269662921348,0.644097222222,0.775891273202,0.287361194568,0.652033589292,0.809197266394,0.898056214804,buy
0.00693811682823,0.820936815151,0.0,0.584240073862,0.186486137518,0.494382022472,0.681583476764,0.700914506825,0.287361087383,0.652901672137,0.81771931808,0.8822039511,buy
0.0104730434401,0.827554185446,0.00102398696709,0.543506343462,0.180022614201,0.786516853933,0.726333907057,0.603444710533,0.287363249771,0.65360985973,0.827216853165,0.913025114585,hold
0.0143702451395,0.834509111681,0.0034580068832,0.513980300109,0.179539026617,0.554545454545,0.710843373494,0.718069436529,0.287361790342,0.65259394896,0.845809081612,0.872674475974,hold
0.0186955901242,0.83720781439,0.00528689972263,0.491637566669,0.185887318352,0.618181818182,0.722891566265,0.701109626492,0.287360808308,0.653431116476,0.868170262571,0.868832793945,hold
0.0226367039554,0.843515348134,0.00769003596018,0.436945091686,0.185353488976,0.627272727273,0.724612736661,0.698686796487,0.287361970529,0.652760289701,0.887961486599,0.838305379464,hold
0.0260838063036,0.857575668479,0.0105052762835,0.402005954049,0.184624136593,0.4,0.681583476764,0.759257546618,0.287359171348,0.651481953139,0.898694402969,0.793363174975,hold
0.0290917873335,0.871098532808,0.0120185765327,0.332525144815,0.179698410922,0.390909090909,0.679862306368,0.788802758333,0.28735650164,0.652681804703,0.907278830148,0.75638901115,buy
0.0322644388578,0.889622122633,0.0133234119516,0.245871108388,0.182920655259,0.22962962963,0.681583476764,0.814187200269,0.287357633458,0.652312809955,0.910824703641,0.733936398576,hold
0.035711541206,0.91061135408,0.0150519328357,0.199709889997,0.17243906094,0.121951219512,0.674698795181,0.825066182057,0.287359383491,0.629635907718,0.911736078895,0.716756547478,hold
0.0393123360156,0.923798704895,0.0168528373415,0.190870859591,0.12964193773,0.00813008130081,0.650602409639,0.926499623537,0.287358686419,0.656358359997,0.912510141432,0.701072191754,hold
0.0426935701661,0.935466148381,0.0182387424166,0.184194576025,0.204529924814,0.225490196078,0.724612736661,0.710910159396,0.287358989047,0.655477747148,0.918303265314,0.677181808331,hold
0.0466346839973,0.948245590264,0.0223231089055,0.170441489265,0.2132536394,0.05,0.697074010327,0.71123770134,0.287361687136,0.654524703721,0.927244185759,0.657522000279,hold
0.0500708083126,0.961033445237,0.0257762902139,0.214900738592,0.217154011595,0.329896907216,0.748709122203,0.64302113521,0.287359156698,0.653896186251,0.92999607121,0.642101464767,hold
0.0542424608359,0.96081358641,0.0311027596497,0.195276046419,0.19339415293,0.106741573034,0.726333907057,0.6725816472,0.287359656371,0.654095197116,0.927230757702,0.655783424032,hold
0.0584141133592,0.967487297395,0.0361782991972,0.19462548172,0.193049431256,0.275280898876,0.788870703764,0.603167801443,0.287361879691,0.653797379175,0.927307860742,0.638695721638,hold
0.0628272826075,0.972208878566,0.0429350689961,0.188775003242,0.192347209379,0.00561797752809,0.7234375,0.71186881131,0.287361137683,0.654024980107,0.936331948511,0.602325271121,hold
0.0666586161092,0.978764680693,0.0477297600917,0.205849788721,0.194096727369,0.116959064327,0.766253869969,0.651599026393,0.28735940698,0.653276531533,0.944940632825,0.575434635123,hold
0.0709180928961,0.979089773043,0.0542992975893,0.193543780496,0.192169674229,0.421052631579,0.846749226006,0.461520706729,0.287368027774,0.652567883346,0.944109825916,0.575536519823,hold
0.0756276690343,0.979888169599,0.0637651450664,0.189455892903,0.193973947259,0.14367816092,0.769349845201,0.505092458822,0.287372026589,0.653326760892,0.939134947213,0.57278560341,hold
0.0798651897553,0.979202882473,0.0711000187232,0.30708850296,0.232504134697,0.240223463687,0.789473684211,0.488161085757,0.287369599175,0.653300346204,0.942426120777,0.574575717023,hold
0.0843332491684,0.961175143097,0.0794965188304,0.378058272736,0.17245866313,0.39226519337,0.829721362229,0.454298339628,0.287371869096,0.653031041472,0.963462688843,0.532546930937,hold
0.0892184738339,0.949077233476,0.0895240632112,0.4183563536,0.181387200123,0.351351351351,0.777089783282,0.498580392259,0.287369019583,0.65315853165,0.968458359377,0.538358926895,hold
0.0940048962027,0.940406382573,0.0984311091294,0.465717321694,0.181734099083,0.409836065574,0.777089783282,0.496847942958,0.287367801917,0.652535920355,0.990493801652,0.485611551074,hold
0.0988571867693,0.932168284373,0.107559166372,0.504361397151,0.177249028117,0.590909090909,0.846273291925,0.440580001775,0.287373160367,0.652440988096,1.0,0.47852558505,hold
0.104192510786,0.922754329599,0.119218720142,0.518584012242,0.195918924241,0.413223140496,0.77950310559,0.496847942958,0.287361977804,0.65178252766,0.994600621416,0.476610848281,hold
0.109011867254,0.918762787712,0.129320578374,0.484337464125,0.195294398073,0.687242798354,0.88198757764,0.366945912885,0.287375898308,0.60175207952,0.989802473275,0.483322455229,hold
0.11464359816,0.919515199499,0.143133303608,0.451264423417,0.192861094612,0.966019417476,0.988467874794,0.209055556084,0.287340966278,0.637905653416,0.985130375609,0.500464636088,hold
0.120879120879,0.917374986315,0.15910595611,0.430342198787,0.195167800871,0.978723404255,0.994454713494,0.275776795147,0.287313878376,0.650736044669,0.979691579179,0.506105563899,hold
0.126280313093,0.915190528784,0.172460251741,0.395229120796,0.194069190626,0.823529411765,0.919075144509,0.38896914412,0.287386875033,0.650825901776,0.974662988245,0.515228305318,hold
0.131264340056,0.918833980106,0.183295597339,0.418898210574,0.205632413249,0.929765886288,0.959537572254,0.350001286277,0.287420539882,0.652061034199,0.971704917138,0.512692127515,hold
0.136972917193,0.911864977252,0.195595987438,0.433776867633,0.180752215158,0.846153846154,0.911368015414,0.351680350301,0.28741369446,0.652037781695,0.9734882498,0.509414373666,hold
0.142165526781,0.907024956046,0.207117529769,0.421597345237,0.184211010893,0.677655677656,0.81983805668,0.48849700305,0.287363249276,0.650610832941,0.970525413898,0.513882543361,hold
0.146446959634,0.910824926219,0.215612471601,0.367711434408,0.179696144671,0.926470588235,0.955465587045,0.351829794336,0.287382961157,0.656271757612,0.97282551019,0.455207468521,hold
0.151617613156,0.919183241089,0.227718873595,0.295758329814,0.208108088696,0.878676470588,0.929149797571,0.378347312445,0.28738625405,0.661644445317,0.966524285941,0.452300379264,hold
0.156788266678,0.927018435478,0.23959171777,0.273045893061,0.197608656651,0.753676470588,0.863095238095,0.447700821344,0.28736757762,0.65011355612,0.962057507605,0.448269572219,hold
0.161596645113,0.930890909373,0.250218598537,0.224185774301,0.196005106653,0.735294117647,0.856866537718,0.460877675364,0.287350799887,0.657137921106,0.960643229942,0.419310483085,hold
0.16604274846,0.942047229145,0.260890839708,0.126847571444,0.193156276981,0.911764705882,0.951127819549,0.363681516906,0.28733045713,0.655194548884,0.959845776594,0.390365288833,hold
0.171015797389,0.958521202778,0.274373495627,0.0501771392203,0.111236028204,0.861244019139,0.828467153285,0.498637304909,0.287350960441,0.639013409925,0.953809648189,0.328818508527,buy
0.175308208275,0.972414414641,0.284826655703,0.0,0.186598711669,0.066985645933,0.543057996485,0.651257642017,0.287356603276,0.655339505671,0.957791283805,0.276630718345,buy
0.177580661097,0.994452846604,0.287433431196,0.0442772061505,0.184599058754,0.292553191489,0.659208261618,0.567107360525,0.287368901229,0.653871280496,0.963042953757,0.244413679811,hold
0.181049719511,1.0,0.29323087673,0.148319919117,0.18599931961,0.389423076923,0.669535283993,0.559347527361,0.287365383984,0.653763593181,0.970241692039,0.198872257728,hold
0.184859096947,0.991931400294,0.299626693535,0.220624631654,0.185968505263,0.354066985646,0.657487091222,0.568400666052,0.287365326419,0.6536381056,0.97212551855,0.16617062147,buy
0.188789232745,0.98612967129,0.305867126833,0.296051505397,0.185799284299,0.449541284404,0.698795180723,0.537361333398,0.287366528027,0.653497993058,0.978848210538,0.135722137859,hold
0.193059687565,0.976848405148,0.313609279001,0.355347489077,0.183437016808,0.380733944954,0.672977624785,0.556760916307,0.287359452305,0.653081150295,0.97275793674,0.152361643893,hold
0.197505790912,0.968766730433,0.320837990013,0.412171845101,0.175361070244,0.935779816514,0.881239242685,0.400270947508,0.287361381459,0.652065283511,0.970563965418,0.149756669515,buy
0.203411972643,0.95638973725,0.334362145875,0.421638262268,0.200912816397,0.785714285714,0.833046471601,0.436483502271,0.287374300505,0.652159834797,0.972465984781,0.119068537742,buy
0.209559671098,0.942794180154,0.346912500748,0.449703106482,0.195928975742,0.369963369963,0.70395869191,0.533481416816,0.287367740148,0.652787790175,0.969200801005,0.127581493928,hold
0.21484010495,0.93002078267,0.356191115924,0.498418754928,0.171098006584,0.43956043956,0.736660929432,0.508908611798,0.287363949542,0.652592912571,0.967659173377,0.143734179748,hold
0.220460857823,0.915687477087,0.366742717725,0.500071507408,0.182176029305,0.212230215827,0.623063683305,0.594266776598,0.287363036286,0.653042881007,0.963745977539,0.154716426032,hold
0.22542292872,0.908941700945,0.374464602479,0.515056066568,0.171792185132,0.438679245283,0.590361445783,0.618839581616,0.287362059745,0.653010734031,0.964278768205,0.160144361559,hold
0.230132504858,0.903236519232,0.38159583688,0.531385326269,0.150674419331,0.484848484848,0.619621342513,0.596853387652,0.287365901487,0.652084051347,0.963021728763,0.17410254572,hold
0.235050663622,0.895902948593,0.389860116238,0.596563811532,0.1950116201,0.794871794872,0.848537005164,0.424843752526,0.287360555103,0.650412540766,0.943029950199,0.230398238645,hold
0.241494768967,0.871652914898,0.404735433037,0.592533348268,0.195402683715,0.769230769231,0.829604130809,0.439070113326,0.287347997405,0.649482831792,0.935697364505,0.232924274133,hold
0.247873006115,0.853656981897,0.419685063688,0.562127962072,0.196436073471,0.538461538462,0.659208261618,0.550370380937,0.287362409844,0.650465416366,0.929757398318,0.221964104479,hold
0.25335104456,0.843472432087,0.430043642498,0.593323724483,0.203406491592,0.666666666667,0.753872633391,0.473615525709,0.287371311122,0.650261308618,0.917411382401,0.237735882389,hold
0.259432874817,0.823998475233,0.443307217323,0.646539115584,0.190913657156,0.923076923077,0.943201376936,0.170818377731,0.287336178106,0.649687150113,0.905686522432,0.253861743632,hold
0.266777178865,0.793123734556,0.462340249347,0.659564554621,0.191235914594,1.0,1.0,0.126090892669,0.287349385388,0.650654604241,0.87656323164,0.329965840492,hold
0.273078569782,0.764001765036,0.47714221741,0.651091507936,0.193048302222,0.995260663507,0.997245179063,0.139301716632,0.287351697082,0.650033907724,0.860718990175,0.373556856055,hold
0.278391937733,0.742419377892,0.487731458694,0.641885420479,0.194428787118,1.0,1.0,0.242793654054,0.287341873798,0.651550302877,0.85358739218,0.394462617671,hold
0.28272826075,0.729731506416,0.495201448445,0.616451120712,0.182074955818,0.0,0.554744525547,0.658599472755,0.287361876621,0.653178473791,0.843210102751,0.408100299079,hold
0.285582549319,0.725967966028,0.495637680404,0.638907080782,0.178045032685,0.317307692308,0.685920577617,0.537430123873,0.287361676942,0.653269926295,0.832587209819,0.436108251218,hold
0.288864981173,0.720257368247,0.49797615394,0.635322898728,0.229337476023,0.304761904762,0.678700361011,0.543807458025,0.287360320451,0.651888635748,0.827368460265,0.448148392651,hold
0.292026654664,0.715441676566,0.500238383394,0.625210492093,0.19934306157,0.285714285714,0.671480144404,0.550184792176,0.287360924372,0.644533777958,0.827941968267,0.447640850231,hold
0.295528647177,0.709171915526,0.502457182675,0.631420771055,0.192076816684,0.838095238095,0.807947019868,0.350430931889,0.287387984504,0.646660890696,0.824878205353,0.462782752373,hold
0.299952794458,0.695728735132,0.507439106072,0.633699046223,0.201906874798,0.917910447761,0.811258278146,0.34714792555,0.287387479971,0.651136942528,0.815022444348,0.483741276216,hold
0.30445378797,0.68067142073,0.512472180561,0.612828384215,0.181809254739,0.521472392638,0.58940397351,0.567109350226,0.28736504472,0.651333330316,0.81517838308,0.473514830838,hold
0.308164363109,0.673266283288,0.514361875643,0.622600040381,0.1719095259,0.514792899408,0.576158940397,0.58024137558,0.287362902458,0.652466487323,0.819848748094,0.470646843196,hold
0.312006674644,0.659776363782,0.515999675721,0.630428488184,0.204105115402,0.739644970414,0.701986754967,0.455487134719,0.287365656902,0.627623575329,0.820309200515,0.48536128778,buy
0.316200283233,0.646819510553,0.519424868696,0.622246898344,0.206378724735,0.686390532544,0.672185430464,0.485034191765,0.287363172366,0.661168779219,0.822868328367,0.503501763383,hold
0.32027313346,0.636947718844,0.522315387986,0.613320548126,0.174126530992,0.727810650888,0.695364238411,0.462053147396,0.287367994121,0.661427376571,0.826959987421,0.512186029196,buy
0.324335005654,0.626559757794,0.52554755797,0.604857045412,0.180210279344,0.426035502959,0.526490066225,0.590362635065,0.287362807333,0.641773754905,0.829132300586,0.523518934423,buy
0.327639393573,0.623043290495,0.526192254759,0.615982773248,0.200446212009,0.841379310345,0.692052980132,0.345179106649,0.287413954292,0.641500249786,0.823061519129,0.532898447805,buy
0.331723221833,0.614091214074,0.529298959799,0.627480801253,0.201527057368,0.938461538462,0.692052980132,0.145769539146,0.287346394462,0.650122342571,0.813279395859,0.54984804441,buy
0.335949764521,0.602205050325,0.532405664839,0.622392415945,0.362519147017,0.744680851064,0.519867549669,0.439074154906,0.287377837365,0.652825523942,0.807345927119,0.573261209353,buy
0.339506647199,0.594446984117,0.5328032922,0.635575633723,0.15676372391,0.393617021277,0.41059602649,0.58133717014,0.287368253536,0.654197906072,0.802084727577,0.575584721383,buy
0.342767122987,0.590215046314,0.53141449178,0.65456217295,0.177143799424,0.0106382978723,0.291390728477,0.70193737168,0.287365958272,0.654414535606,0.801983367402,0.567897903122,strong_buy
0.345182290237,0.588555089208,0.528133100934,0.699009133726,0.200220569213,0.285714285714,0.417218543046,0.517221429199,0.287374402022,0.653572194821,0.80245984686,0.535820386718,buy
0.347619413553,0.585430287103,0.526513638039,0.741219744982,0.195949914076,0.441558441558,0.456953642384,0.45220412838,0.287385044352,0.65343962485,0.803076671176,0.523944448595,strong_buy
0.350287075562,0.579742906771,0.525362255898,0.791219983888,0.19234406485,0.402597402597,0.44701986755,0.452040667313,0.287389247892,0.653573599768,0.797833231323,0.527608150235,buy
0.352680286746,0.574248599971,0.523911688121,0.848469660555,0.191413014977,0.27397260274,0.423841059603,0.473498106531,0.287387637532,0.653360340445,0.797479770198,0.529408704241,buy
0.355238168425,0.56528434266,0.521954434993,0.913320117078,0.191058771708,0.698630136986,0.526490066225,0.411132280656,0.287389072671,0.652581640246,0.796657626552,0.529905421272,strong_buy
0.357796050104,0.5563349281,0.521449679871,0.928269834119,0.191152385744,0.888888888889,0.569536423841,0.373953080009,0.287437434227,0.660559894806,0.79704184226,0.517479468037,buy
0.360496646211,0.552607727849,0.521551982057,0.963238291533,0.191089376312,0.791666666667,0.546357615894,0.393972649588,0.287418695435,0.651773727903,0.799448496686,0.494335381715,buy
0.36313137412,0.544443774015,0.52116690119,0.981759443345,0.191031034189,0.530864197531,0.470198675497,0.459751235348,0.28738564345,0.649575501614,0.797182620282,0.486486599875,buy
0.365612409568,0.5412909279,0.519594728928,0.990085766371,0.190956508387,0.776699029126,0.519867549669,0.445050695468,0.287392167819,0.656859543528,0.793682228919,0.492645745677,buy
0.368356917807,0.539726608146,0.518671113916,0.989606840723,0.191175459604,0.51724137931,0.41059602649,0.533501547398,0.287376196414,0.654436386319,0.79728571311,0.487775017232,buy
0.370376875871,0.542825937477,0.516079780263,0.992994180782,0.183077056652,0.748091603053,0.486754966887,0.471853983932,0.287387789413,0.655747028687,0.803012129868,0.460301005508,buy
0.372824977221,0.544120699864,0.514486375472,1.0,0.182743270287,0.836734693878,0.516556291391,0.447731024314,0.28738385893,0.655792193458,0.812057442631,0.419850765496,buy
0.375580463493,0.543167756895,0.513307970112,0.985436328733,0.185172972229,0.95652173913,0.549668874172,0.420927735851,0.28738492185,0.654628924566,0.819250116629,0.395857000499,buy
0.378248125501,0.54482067621,0.512546494413,0.953195979021,0.185743116631,0.835365853659,0.453642384106,0.498657272395,0.287376455842,0.654305987832,0.825488965385,0.375971128367,hold
0.381113392102,0.547977150858,0.510348927661,0.940460108682,0.186978277369,0.941935483871,0.483443708609,0.474534312778,0.287381669734,0.654339742337,0.822789925838,0.403850527414,hold
0.38400061477,0.552421157538,0.508485290683,0.924719962092,0.186804856164,0.603092783505,0.387417218543,0.552263849322,0.287379631292,0.653972745915,0.819062556988,0.414352796182,hold
0.386613386613,0.557569656576,0.505113179031,0.927079159612,0.187312070351,0.649484536082,0.417218543046,0.557895846032,0.287373833366,0.65378396273,0.821457949172,0.399923303184,hold
0.38912735616,0.563176075464,0.502174403993,0.904019111955,0.187377592328,0.515463917526,0.331125827815,0.629764953415,0.287367059226,0.653248993675,0.816993336651,0.409614204289,hold
0.3918389303,0.570349289214,0.497879642444,0.872990347208,0.187077606978,0.458762886598,0.294701986755,0.655735629088,0.28737122736,0.652981244324,0.814158283877,0.410603186205,hold
0.394056492958,0.584323083787,0.492975893359,0.860042078678,0.187060860853,0.347826086957,0.238410596026,0.695872127856,0.287371327766,0.652175860723,0.803229577766,0.434188432145,hold
0.396087429054,0.596704010831,0.487296191849,0.84810247928,0.187077606978,0.299516908213,0.205298013245,0.734566569262,0.287367183631,0.651937078464,0.799622195106,0.444935675635,hold
0.397986628756,0.610146304499,0.481002677229,0.823250132932,0.187247779248,0.173913043478,0.119205298013,0.79133257038,0.287362563838,0.651735856432,0.795686474784,0.451752665549,hold
0.399633333699,0.627166599309,0.473332908683,0.78487446022,0.187224196954,0.0821256038647,0.0562913907285,0.865861854488,0.287361949285,0.651653570182,0.795972362459,0.440347450872,hold
0.400950697654,0.649364905971,0.464638188055,0.756239454614,0.187153450019,0.0,0.0,0.917148603658,0.28736082049,0.651625034437,0.795326949375,0.428226638657,hold
0.402268061609,0.670408130713,0.455861432655,0.745808832902,0.185876365652,0.416666666667,0.266159695817,0.702677248406,0.287365053648,0.652721738383,0.791301564282,0.452625366257,hold
0.404474646233,0.685780411236,0.451456648001,0.716690971429,0.186779174558,0.0952380952381,0.0608365019011,0.942684837609,0.287363492691,0.650083557151,0.785482017449,0.450949481281,hold
0.405978636748,0.703957391643,0.444409378601,0.718786058144,0.186749446226,0.0,0.0,0.946774960797,0.287360465844,0.649897224528,0.780443463763,0.451611106918,hold
0.408042506944,0.715982117466,0.438584909849,0.703454931861,0.186718520765,0.111111111111,0.100502512563,0.82829604976,0.287358533252,0.652178148411,0.77914917229,0.444954929374,hold
0.410600388622,0.727008392405,0.434675229167,0.660288812796,0.186755549395,0.072,0.0804020100503,0.887929822009,0.287358608411,0.652569834617,0.781003110545,0.4345070939,hold
0.413092402103,0.742255092501,0.430610164977,0.626851839871,0.186586814511,0.137614678899,0.251162790698,0.818576313109,0.287358522225,0.652204443284,0.77691968159,0.44109356874,hold
0.415760064112,0.753677219615,0.42755075057,0.58526563743,0.185611015176,0.00917431192661,0.354243542435,0.914109009389,0.287358732368,0.651973925753,0.771430638236,0.471420215334,hold
0.418416748087,0.765684798753,0.423903581156,0.566096492999,0.184419232001,0.264462809917,0.523985239852,0.755586703333,0.287358766189,0.65252304627,0.769917166212,0.486648838431,hold
0.421358860919,0.774461212694,0.42253118769,0.540981578232,0.185808660968,0.417322834646,0.633898305085,0.683217824481,0.287356114823,0.652221914182,0.768897067009,0.484296073116,hold
0.424718139004,0.781269571448,0.422222350904,0.503726670531,0.186067624201,0.275590551181,0.572881355932,0.745248292069,0.287358114604,0.651316467049,0.776253476676,0.4545312471,hold
0.428285999715,0.785923756987,0.421103782672,0.483145584748,0.186373987171,0.191176470588,0.542372881356,0.797410432819,0.287360180641,0.645439511926,0.776354403688,0.426433740246,sell
0.431678211898,0.789847165438,0.419584691733,0.478154044629,0.185481721873,0.031007751938,0.491525423729,0.966344687054,0.287358533193,0.66587661206,0.773538843255,0.421722841999,sell
0.435037489983,0.790468868093,0.417340799463,0.476941455359,0.185359072175,0.147058823529,0.620338983051,0.800333138192,0.287358257695,0.631283661748,0.772625302185,0.416668041727,sell
0.438824911352,0.789442869363,0.416989497619,0.474580620932,0.184991912642,0.354330708661,0.722033898305,0.66927138909,0.287358387111,0.66601056137,0.770193524298,0.42128265825,hold
0.443095366172,0.786093030342,0.418156321599,0.458589522608,0.186170054478,0.0787401574803,0.603389830508,0.880465249646,0.287358938459,0.660011796591,0.76784578006,0.432817986625,sell
0.44694865574,0.787080460941,0.417729740789,0.460151906331,0.185935022617,0.0175438596491,0.620338983051,0.951663519234,0.287357915332,0.656883511004,0.768106977435,0.421144524342,hold
0.450823901373,0.788583993062,0.417571461937,0.462644122939,0.184382208781,0.103092783505,0.705084745763,0.793737543043,0.287359050812,0.655063533796,0.766638554379,0.406320734529,hold
0.454962619798,0.788772156507,0.418736355687,0.475535514514,0.17880580372,0.505154639175,0.837288135593,0.577354595276,0.287359512993,0.653641000927,0.762875666151,0.402370262358,hold
0.459518503475,0.783829372515,0.422162513777,0.474854254303,0.17880580372,0.474226804124,0.827118644068,0.575487521037,0.287361392257,0.653666507322,0.757940638456,0.393819462451,hold
0.463909716657,0.781082892599,0.425540416119,0.483465654295,0.184708286599,0.59793814433,0.867796610169,0.513263812118,0.287360457335,0.65329340204,0.762613602449,0.356037976911,sell
0.468388754103,0.773580765231,0.42979657307,0.47371056815,0.185968869312,0.278350515464,0.762711864407,0.6517203431,0.287355768245,0.654495140819,0.756269061886,0.362386099332,sell
0.472560406626,0.772077552449,0.432622429658,0.462492418856,0.185267903428,0.0927835051546,0.701694915254,0.735600486676,0.287358408545,0.654552906041,0.751522893322,0.361705465576,sell
0.476413696194,0.774478946814,0.434771740662,0.479179116133,0.138237718057,0.456790123457,0.850847457627,0.494587888315,0.287356374626,0.652877173695,0.7478986173,0.343266766818,sell
0.480629260849,0.771492838638,0.439126339338,0.494483455638,0.191620453781,0.913580246914,0.976271186441,0.333747077654,0.287360661052,0.652396205687,0.746045545372,0.336394948421,sell
0.485393727152,0.764882653444,0.445482586431,0.500847555497,0.191183296007,0.876543209877,0.966101694915,0.341858436932,0.287441320558,0.65248968444,0.74433801626,0.343468539011,sell
0.489784940334,0.758867408623,0.451866821857,0.532472676043,0.192436401698,0.913580246914,0.976271186441,0.332611302413,0.287424489532,0.652695506671,0.749572359687,0.318999484089,sell
0.494252999748,0.746968343838,0.458508742976,0.554073686209,0.19192599627,0.770114942529,0.932203389831,0.352727062727,0.287384098424,0.652347863714,0.753417548912,0.305325438782,hold
0.498545410633,0.736157889249,0.464716362366,0.569771361522,0.191368097257,0.860215053763,0.954861111111,0.34367178188,0.287387492681,0.652077077492,0.751578771367,0.315714900955,sell
0.502980535948,0.722492229006,0.471120865206,0.584487346218,0.192437546765,0.966666666667,0.989473684211,0.213354481611,0.287344785653,0.652032867596,0.748409316646,0.336137041014,sell
0.507316858965,0.709684486972,0.478054251042,0.595314917738,0.194501058708,0.985507246377,0.996108949416,0.307072478227,0.287196111461,0.652347637139,0.738621129092,0.372061935996,sell
0.511367753126,0.698341805497,0.483919254622,0.596900270964,0.192191368783,0.537313432836,0.878431372549,0.433890323072,0.287366134253,0.652244860808,0.734192469112,0.400794715619,sell
0.514902679738,0.69258265198,0.488371329909,0.614531417066,0.190702800749,0.837837837838,0.952941176471,0.33980454561,0.287384366038,0.651959009387,0.731517253538,0.420764295538,sell
0.518635210943,0.680015595635,0.493866694462,0.620568439349,0.190678155279,0.857142857143,0.96,0.315439373609,0.287351524309,0.651337953297,0.730745789979,0.437103718036,sell
0.522521434609,0.66629002536,0.49935530321,0.61466566718,0.190742823285,0.924050632911,0.97510373444,0.320131662743,0.287416333921,0.650188314689,0.732481041532,0.439965570953,sell
0.526616240902,0.657380540647,0.50470976098,0.614272188334,0.190760128797,0.849557522124,0.928270042194,0.365267059691,0.28735928587,0.650989171316,0.728644082407,0.464059762404,hold
0.530809849491,0.647898989185,0.509524719489,0.610542880098,0.191074374057,0.949152542373,0.974248927039,0.289018989266,0.287309457147,0.650767747512,0.72200282509,0.499505014051,sell
0.535080304311,0.63806911864,0.514781700648,0.615971371237,0.191208876903,0.88785046729,0.945945945946,0.363876744904,0.287385250633,0.652101058261,0.716925286722,0.531512051533,hold
0.539021418142,0.626416062686,0.519367926914,0.629152776597,0.19108037496,0.88785046729,0.945945945946,0.355780246531,0.287384820712,0.651726453246,0.709095429739,0.552719949146,hold
0.543116224435,0.613541148526,0.524108571572,0.633247566897,0.191597559232,0.771428571429,0.890909090909,0.418422125537,0.287368452439,0.651437595248,0.700453391862,0.572115373041,hold
0.546596260882,0.606124621609,0.528301030936,0.640008311717,0.19155940163,0.87619047619,0.940909090909,0.369203506318,0.287374065102,0.650254422205,0.696484751141,0.588231021473,hold
0.550647155043,0.593092379312,0.533177756803,0.641314743367,0.192023786144,0.961904761905,0.981818181818,0.206663468617,0.287352762122,0.648932436636,0.691616863734,0.594136855642,hold
0.554950543962,0.580066521789,0.538652853941,0.626723531545,0.191782476501,0.878048780488,0.795744680851,0.322969325192,0.287384396037,0.640291438483,0.681666673164,0.62400410428,buy
0.558825789595,0.570652323292,0.542832766811,0.616029138274,0.191547822767,0.891891891892,0.770212765957,0.268899755111,0.287358185806,0.669889051346,0.677474953424,0.634205219061,hold
0.562722991294,0.562555453089,0.546722180079,0.602875025022,0.191003454256,0.966666666667,0.736170212766,0.318151866402,0.287436230117,0.738732379747,0.678272406771,0.642217297499,hold
0.566323786104,0.560408947493,0.550243884549,0.587579107291,0.192085076615,0.0677966101695,0.466666666667,0.63567092116,0.28735919352,0.655279846522,0.674847385795,0.651869782537,buy
0.569123184508,0.562227496006,0.551158813526,0.583360795633,0.192085076615,0.337837837838,0.466417910448,0.492279108266,0.287361793531,0.65291335519,0.673807794251,0.650487287137,hold
0.571900626846,0.567279295707,0.552287998023,0.585228425187,0.192085076615,0.525641025641,0.511194029851,0.44789286257,0.287384457568,0.652845822813,0.675648304448,0.615489154437,hold
0.574392640327,0.572709951726,0.553975984079,0.625068835348,0.190839496904,0.512820512821,0.507462686567,0.43220411037,0.287386648331,0.653344912526,0.679682785967,0.550338626326,hold
0.576906609874,0.572460966971,0.55556359818,0.655863231576,0.190570687524,0.333333333333,0.455223880597,0.476845449432,0.287389003878,0.653363169763,0.682619198917,0.519857999579,buy
0.57934373319,0.573510731115,0.556456329513,0.703069489532,0.190540262102,0.487179487179,0.5,0.39231565222,0.287406912032,0.653015048411,0.688231693768,0.482631813379,buy
0.582088241429,0.570945861099,0.557790118381,0.724627166408,0.190367106563,0.426229508197,0.455223880597,0.43472289333,0.28739200552,0.653063811158,0.692507447157,0.461944583163,hold
0.584009397196,0.577631476598,0.558580547529,0.749513477797,0.19055632519,0.55737704918,0.485074626866,0.406451399257,0.287383740448,0.652329608983,0.69739266109,0.426888900944,buy
0.585908596898,0.584955706452,0.559557243863,0.758741937707,0.189882733236,0.885245901639,0.559701492537,0.307311618169,0.286751630422,0.646028525457,0.70009343329,0.390712775842,buy
0.5887409294,0.589385201044,0.561496159808,0.756171673787,0.189870737926,0.660377358491,0.488805970149,0.378061506443,0.287392577994,0.941601444913,0.704623453445,0.386194263113,buy
0.591584239936,0.593234427772,0.562572262982,0.757948121868,0.18983358487,0.924528301887,0.541044776119,0.318584028403,0.287575665569,0.658242589713,0.710248076864,0.38524563024,hold
0.594449506537,0.594290766823,0.564137679439,0.737853290633,0.190128474479,0.462686567164,0.414179104478,0.446911609496,0.287374190928,0.654300410871,0.716188909378,0.391196048826,hold
0.596700003293,0.605040342302,0.563878063516,0.728573609559,0.19001366107,0.609756097561,0.369402985075,0.49220369694,0.2873733589,0.654286704499,0.715622331986,0.396511370144,hold
0.598917565951,0.615565192465,0.562892681147,0.733293150839,0.190284586452,0.674796747967,0.399253731343,0.462008971977,0.287379449019,0.657627934979,0.713573470317,0.392284473651,hold
0.601332733201,0.623773869661,0.56219972861,0.742208867545,0.190305012121,0.748299319728,0.410447761194,0.450685950116,0.287383762137,0.650601233383,0.71507178163,0.372364478194,hold
0.603473449627,0.633497513349,0.561569508544,0.757362052472,0.190305012121,0.789115646259,0.432835820896,0.428039906394,0.287388712085,0.650648568771,0.712173487037,0.349368194939,hold
0.605866660812,0.640617519713,0.561150648654,0.773544886239,0.190460578517,0.87074829932,0.477611940299,0.382747818949,0.287405437941,0.644647615848,0.712247124771,0.350579239603,hold
0.608369652326,0.646576700118,0.561197939287,0.781754570288,0.191150804427,0.884353741497,0.485074626866,0.350666112393,0.287439613666,0.685895681682,0.711448371935,0.357840811927,hold
0.611092204499,0.652216075728,0.561288660092,0.787068367728,0.192120628085,0.957142857143,0.5,0.311035713329,1.0,0.658813227004,0.714965223497,0.346964636447,hold
0.614418548484,0.653585248514,0.561407369232,0.782901968935,0.192445467099,0.873134328358,0.436567164179,0.381424349227,0.287408556269,0.656257298913,0.71474517662,0.339458759795,hold
0.617536309844,0.657671132567,0.560725998074,0.794496587777,0.19629839438,0.925373134328,0.462686567164,0.352440793269,0.287443088735,0.675496688742,0.713221741844,0.337466989844,hold
0.621126126621,0.656804424592,0.560310998643,0.800455959696,0.193620480647,0.850746268657,0.425373134328,0.393845873209,0.287403011455,0.656395056803,0.703276749232,0.355719146241,hold
0.624485404705,0.658019411939,0.55930727909,0.794606863574,0.184490633863,0.179104477612,0.089552238806,0.76649159267,0.287366897493,0.677927595334,0.685324735911,0.40668018165,hold
0.626999374252,0.665557148088,0.553788751778,0.820402135176,0.184123386844,0.253731343284,0.126865671642,0.747908438551,0.28736749281,0.657759665647,0.677947101251,0.422179111848,hold
0.629634102162,0.67109039488,0.548635037919,0.841282412176,0.185877012383,0.00787401574803,0.00383141762452,0.958336126514,0.287364649569,0.657810230547,0.670913831289,0.450799418591,buy
0.632027313346,0.679187085779,0.542009523754,0.881788495485,0.172212655182,0.212962962963,0.095041322314,0.81274370984,0.287367249118,0.655814748947,0.668124693808,0.451472881843,buy
0.635002360277,0.683034896936,0.537249576797,0.914895007031,0.24194845772,0.0957446808511,0.0560344827586,0.840929784953,0.287368162315,0.654763958574,0.661016486622,0.455885988911,hold
0.638054253439,0.687006758892,0.53236899047,0.953255199932,0.193445885053,0.432098765432,0.224137931034,0.619910651921,0.287374763318,0.653218596422,0.651337023017,0.46094558706,hold
0.641611136117,0.687737295137,0.529305715604,0.962295480326,0.195579797178,0.493827160494,0.245689655172,0.596857698671,0.287372853648,0.654076010334,0.654230985979,0.409521871414,hold
0.645091172564,0.69178112716,0.526469242752,0.956837568567,0.275113506445,0.567901234568,0.271551724138,0.603051214048,0.287374736981,0.654112984868,0.659412916665,0.36287425934,hold
0.648165021791,0.69987504348,0.523870188178,0.953781672449,0.193200157079,0.888888888889,0.383620689655,0.519096434114,0.287377241271,0.654454849459,0.667271795578,0.313824413903,hold
0.652106135623,0.702783514184,0.522508410977,0.932313816847,0.193675758719,0.901408450704,0.349137931034,0.586509530045,0.287371755959,0.654019861062,0.668541396752,0.306760276932,hold
0.655981381256,0.706605314466,0.52072680877,0.907416608418,0.195075424638,0.730158730159,0.271551724138,0.659237843904,0.287367945865,0.653667174275,0.665082589051,0.318029845205,hold
0.659702934428,0.712539794756,0.518061161265,0.881860942549,0.185138010051,0.575757575758,0.224137931034,0.717679195363,0.287367378973,0.653238358889,0.65971396505,0.317477763574,hold
0.663380575468,0.720985046152,0.514878212144,0.862103792148,0.186457237713,0.393939393939,0.172413793103,0.763483957238,0.287363694466,0.653062338296,0.648998808368,0.339955972211,hold
0.66691550208,0.730759743615,0.511018717439,0.831759568705,0.185996701922,0.393939393939,0.172413793103,0.763483957238,0.287366031109,0.653127898646,0.649485683742,0.306582374387,hold
0.670384560494,0.743315360893,0.507191071529,0.818950983076,0.186457237713,0.605633802817,0.262295081967,0.74029621121,0.287362353009,0.653011745727,0.651196244995,0.264873559008,hold
0.674029267436,0.753518418153,0.504036110741,0.784117010465,0.186423172225,0.704225352113,0.32421875,0.719855177008,0.287362697587,0.653205256366,0.650892597632,0.249270612547,hold
0.677630062245,0.765586693498,0.501147521681,0.755742530621,0.18631290749,0.639175257732,0.405904059041,0.684813404091,0.287366953959,0.653079538817,0.648102593824,0.244829975037,hold
0.681439439681,0.776275223656,0.498841862054,0.74379222912,0.187128918556,0.40404040404,0.351063829787,0.760180748685,0.287362505204,0.652147266103,0.645938077596,0.20190365387,hold
0.68496338826,0.785108878164,0.49551993638,0.719051220483,0.18747467039,0.385964912281,0.424437299035,0.756389328751,0.287359310605,0.652656739505,0.642503960194,0.160212335175,hold
0.688575161103,0.795784570393,0.49242288249,0.670582533043,0.186804151775,0.265625,0.452173913043,0.781269511315,0.287357436504,0.652648286026,0.642280881175,0.133951351708,hold
0.692307692308,0.807527446887,0.488844236237,0.616942156404,0.18722550995,0.146853146853,0.435754189944,0.81361374865,0.287357400348,0.65229452676,0.640274036331,0.110437215075,hold
0.695853596952,0.821492731856,0.484555265378,0.576138179724,0.187148508519,0.110344827586,0.423398328691,0.826053839932,0.28735890029,0.651704127015,0.642995600362,0.0808876408131,hold
0.699553194059,0.833395974989,0.48001922509,0.549049743455,0.181452587314,0.0621118012422,0.428954423592,0.840981949471,0.287359420168,0.65013479002,0.640465927604,0.0787839611594,hold
0.703186922967,0.843626101055,0.475172417787,0.532953526262,0.172582810194,0.0297619047619,0.418666666667,0.88699859353,0.287359085667,0.647404324309,0.634921439366,0.0860069476252,hold
0.706919454172,0.85312661899,0.469988785364,0.519057128502,0.183238570666,0.0,0.44,0.980654847415,0.287359217685,0.647285840868,0.627039602807,0.103047742797,hold
0.71066296341,0.861500975548,0.465297361569,0.517933377087,0.177817449776,0.0567375886525,0.558510638298,0.95963730977,0.287357001918,0.647245808468,0.612698437451,0.133662009637,hold
0.714845593966,0.865644090304,0.462796748721,0.499051819057,0.180478778381,0.0733944954128,0.643617021277,0.842085261167,0.28735852425,0.649826162881,0.6021474496,0.137745928943,hold
0.719247785182,0.869737413773,0.461963854515,0.491955486683,0.183255921416,0.11214953271,0.671794871795,0.923260434383,0.287358948593,0.675185954827,0.593313953614,0.152222453449,hold
0.723726822628,0.869683506699,0.461542099279,0.494669543098,0.184278497654,0.106796116505,0.736842105263,0.813251420267,0.287358653836,0.657696144085,0.592166071284,0.16919772037,hold
0.728282706305,0.867419926201,0.462460888716,0.487840901966,0.184278497654,0.146551724138,0.751879699248,0.784553416584,0.287358406867,0.658463902898,0.592606598201,0.171451913472,hold
0.733014238509,0.864239977822,0.463857410056,0.478225962514,0.186159722846,0.224137931034,0.774436090226,0.74150641106,0.287359161455,0.657083522178,0.587217182369,0.163515504645,hold
0.738097067767,0.859637751629,0.466025058245,0.46896023167,0.185592944671,0.146551724138,0.757352941176,0.784553416584,0.287358463573,0.655975019848,0.584334914812,0.148018892603,hold
0.743245765224,0.853055923073,0.467941776545,0.463081471009,0.184433375698,0.431034482759,0.838235294118,0.62671439633,0.287357912836,0.654444596511,0.573664807097,0.164260607618,hold
0.748767715801,0.843154542108,0.471760736421,0.444281382392,0.185458671745,0.189655172414,0.769607843137,0.760638413515,0.287357602148,0.655437167505,0.561383332489,0.148064680864,hold
0.754103039817,0.833724711554,0.474490081514,0.445104727794,0.179880230458,0.577586206897,0.879901960784,0.537590992127,0.287355718768,0.653159564924,0.555878262097,0.130262369158,hold
0.759690858592,0.82169758578,0.479678539511,0.43688372931,0.205075884943,0.51724137931,0.862745098039,0.544647563912,0.287359027973,0.654011930964,0.551719029593,0.0440126390345,hold
0.765278677367,0.80909781978,0.484833218485,0.429386687495,0.181393372484,0.0877192982456,0.745098039216,0.726158725573,0.287359007962,0.654187855146,0.535331601547,0.0439076937941,hold
0.770284660395,0.798528287399,0.487937028179,0.443888839314,0.20809563926,0.162162162162,0.858123569794,0.556745110266,0.287359459906,0.653199144809,0.518179640553,0.0294819548806,hold
0.775674874576,0.783461515167,0.493372555605,0.455946518301,0.192927124845,0.813953488372,0.963800904977,0.374444458301,0.287358186896,0.652247027195,0.509226591539,0.0200728237038,hold
0.781361495647,0.767518195359,0.501417753869,0.454523479245,0.193200157079,0.988372093023,0.997840172786,0.266351156537,0.287355639988,0.651687280945,0.499512908045,0.041105031762,hold
0.787212787213,0.750185744533,0.510546776227,0.446345407782,0.193660896223,0.945205479452,0.991111111111,0.260976068864,0.287347248572,0.652155472938,0.492231435602,0.104180086703,hold
0.792899408284,0.735762966209,0.519279136338,0.444278693811,0.193535240436,0.789473684211,0.972350230415,0.357594451719,0.287363922599,0.652645451227,0.489164640546,0.0888318514617,hold
0.798256688367,0.722103723059,0.527185358048,0.434284218184,0.195832905647,0.473684210526,0.930875576037,0.39384449304,0.287366290787,0.652690420585,0.486375069902,0.0783860516349,hold
0.803602990416,0.709360410001,0.534556906073,0.437855436463,0.156329826684,0.612903225806,0.944700460829,0.376629742953,0.287380532854,0.652810968336,0.484629855596,0.0613197605779,hold
0.808784621971,0.69640833333,0.542477604507,0.456160245597,0.196802207384,0.623529411765,0.926267281106,0.398494888616,0.287370454668,0.652809341551,0.481227792267,0.0604790644464,hold
0.813746692868,0.681378254914,0.550365489033,0.468550090946,0.190947604856,0.978021978022,0.995391705069,0.213696559325,0.287349873463,0.652072459916,0.472612177342,0.0621116057969,buy
0.818928324423,0.666431002264,0.560034010651,0.455298358303,0.19138387636,0.902777777778,0.982587064677,0.333747077654,0.287402175726,0.65204303327,0.468993532441,0.0500891730694,buy
0.823528120231,0.657136975853,0.568195022709,0.451811079762,0.192904206026,0.74358974359,0.950248756219,0.370128969919,0.287378077586,0.652530736594,0.473437786294,0.000641468593756,buy
0.827853465216,0.647230990251,0.576116686259,0.455679930799,0.192061404859,0.87012987013,0.975,0.340757807755,0.287398272695,0.652196511419,0.474590000256,0.0,buy
0.8322117443,0.63687906854,0.584791139473,0.455721394465,0.191534500833,0.947368421053,0.989974937343,0.324245067541,0.287414245645,0.651727867073,0.466897889153,0.0159795440211,buy
0.836701759779,0.625939503954,0.594052382579,0.436026527943,0.19465034074,0.826530612245,0.957393483709,0.364192075619,0.287371674255,0.650114727706,0.459136038784,0.0206022422303,buy
0.8409392805,0.617778416253,0.60301250982,0.419296554854,0.197754954892,0.948453608247,0.98743718593,0.327646514043,0.287380331104,0.649063026102,0.454298472797,0.0222298453519,buy
0.845023108759,0.611577452469,0.612906868337,0.398508236081,0.195657392586,0.88785046729,0.969849246231,0.300084668969,0.287430931012,0.641891522085,0.437455790287,0.0472181802826,buy
0.848986178657,0.606331125427,0.622791575705,0.367390132414,0.194712313638,0.966666666667,0.986945169713,0.277745587403,0.287373623099,0.647277839627,0.426544410701,0.0196583721054,buy
0.852784578059,0.603298667223,0.632637678474,0.354345773543,0.197371684735,0.978260869565,0.991869918699,0.2402063923,0.287363148761,0.651920735369,0.395021396093,0.0708118536921,hold
0.856484175165,0.597569381764,0.642217409516,0.347199676062,0.177592821662,0.940170940171,0.979885057471,0.335931260811,0.287360400294,0.65259303507,0.379739833553,0.0815333090255,buy
0.859909321448,0.593134459047,0.650848432557,0.349636053793,0.155510234677,0.888888888889,0.962643678161,0.35422510428,0.287340955535,0.652684987285,0.359232590848,0.129768053425,hold
0.862994148708,0.587617646828,0.659547013645,0.352917164981,1.0,0.880341880342,0.959770114943,0.350664980091,0.28735209021,0.652577568565,0.347966017485,0.136140641878,buy
0.86623266843,0.58117200519,0.668512931575,0.367397431261,0.18092357618,0.91452991453,0.971264367816,0.311034094767,0.0,0.652648790342,0.345535539087,0.135826785339,hold
0.869405319955,0.572106626229,0.677947895374,0.380974023927,0.200864066851,0.92523364486,0.976331360947,0.325445093407,0.287417214864,0.652785023151,0.358416078323,0.0801476393667,hold
0.872874378369,0.560989066271,0.687321091815,0.409191540889,0.199656725315,0.791666666667,0.91369047619,0.380387473221,0.287355931745,0.652935280433,0.350760786087,0.0815550321905,hold
0.876123876124,0.547542232794,0.695741719796,0.439767985405,0.233205762919,0.9375,0.955357142857,0.344864808171,0.287367434583,0.652725391021,0.344901388245,0.0817006944556,hold
0.879505110274,0.534043303133,0.705029021007,0.463984580584,0.168165041377,0.638095238095,0.886904761905,0.396047788682,0.287363807253,0.653067634928,0.337969911622,0.0753353835869,hold
0.882677761799,0.521242448093,0.713466055942,0.48291101064,0.180242198872,0.209523809524,0.752976190476,0.496722237085,0.287358415812,0.653179841036,0.334535361057,0.0627984458285,hold
0.885279555609,0.511787856829,0.719823268149,0.511460762316,0.180996292884,0.478632478632,0.818452380952,0.446955537364,0.287358818726,0.652735882541,0.327002653991,0.0578830069714,sell
0.888111888112,0.501018602444,0.727491106466,0.535419816749,0.178793696032,0.643410852713,0.863095238095,0.413532159581,0.287357727573,0.652392683946,0.319920003431,0.0571279516469,sell
0.891273561603,0.486967090212,0.735971571574,0.553013277221,0.194239768712,0.583333333333,0.821428571429,0.437610428714,0.287359675222,0.652547358113,0.308784245337,0.0731413168536,sell
0.894051003941,0.474012007549,0.7439627234,0.570028085014,0.194351393825,0.529032258065,0.782738095238,0.459939675856,0.287364828658,0.65245634464,0.309651004787,0.0919259462806,sell
0.896784534147,0.461144808122,0.751473247979,0.593791841243,0.193840432137,0.597826086957,0.779761904762,0.461979484941,0.287364738902,0.652260677254,0.307463097749,0.10779576462,sell
0.899550998452,0.447118176482,0.759104411927,0.619951858127,0.190350412715,0.788990825688,0.863095238095,0.404864830553,0.287371236731,0.651683702116,0.301690332535,0.123195204381,sell
0.90251506735,0.430881338648,0.768283620262,0.638661733722,0.190484865419,0.800865800866,0.863095238095,0.401859494896,0.287372799815,0.651296826578,0.297703498962,0.138441381685,sell
0.905643806743,0.412574414018,0.777546793599,0.652540886913,0.190484865419,0.775862068966,0.845238095238,0.357639350114,0.287391354726,0.650646106798,0.28967525326,0.187396997353,sell
0.908805480234,0.396254218551,0.786749164693,0.669018401182,0.189855034017,0.986046511628,0.990163934426,0.210156396374,0.287351983439,0.649725408472,0.27118741713,0.256165893723,sell
0.912164758319,0.378847300497,0.797043080801,0.659797503452,0.189926554299,0.948863636364,0.965909090909,0.245943110994,0.287336905742,0.648721542789,0.257197113921,0.27688535672,sell
0.914975134755,0.364810592353,0.805154871997,0.658168755134,0.189957261422,0.972602739726,0.982905982906,0.266511757405,0.287323510459,0.648894572418,0.246089078268,0.298148193399,sell
0.917719642994,0.350862472311,0.812328571456,0.656376334067,0.190010112994,0.961538461538,0.976958525346,0.318014031755,0.287540303233,0.648270052244,0.241016304694,0.305613892749,sell
0.919937205651,0.34039472723,0.818710876653,0.652016877381,0.18987764391,0.929133858268,0.957943925234,0.216750690318,0.287332335708,0.646987562591,0.232250815321,0.333393280301,sell
0.922154768309,0.329484812197,0.824903054203,0.654922756053,0.189997864098,0.952830188679,0.972067039106,0.280424195294,0.287248552512,0.651210144807,0.229866252216,0.313599803447,sell
0.92386734145,0.318728198841,0.829646594206,0.670992963729,0.192700368338,0.960784313725,0.975903614458,0.219229480667,0.287317632388,0.651952076703,0.225728677869,0.305378663462,sell
0.925536002459,0.30830702559,0.834030146331,0.680264215298,0.180561393234,0.64,0.805755395683,0.418807923543,0.287391226649,0.65270643773,0.218976530788,0.333084731782,sell
0.926589893623,0.300370574238,0.835928527447,0.697954913962,0.185790624747,0.693333333333,0.834532374101,0.291221238386,0.287149675097,0.652287648739,0.213535568542,0.336311532557,sell
0.927764543149,0.292047833484,0.838092315176,0.717528293248,0.186221822681,0.859649122807,0.8125,0.350667103157,0.287457012763,0.652701001588,0.205204974965,0.341553035118,sell
0.928840390379,0.287753016876,0.839699231575,0.73489070926,0.17075998224,0.754385964912,0.765625,0.371563315389,0.287421720356,0.652528564967,0.198368361071,0.358366316933,sell
0.929894281543,0.284628161752,0.841047497167,0.752349322667,0.17297148438,0.854545454545,0.796875,0.316423639804,0.288018589706,0.652026726938,0.189922979261,0.35926241816,sell
0.930959150739,0.28169947344,0.842581064831,0.764551734808,0.158788537122,0.9375,0.78125,0.3219159941,0.287626457664,0.65152588913,0.18310195924,0.360314399506,strong_sell
0.931804459277,0.280459597978,0.844043213987,0.768144502169,0.196425258526,0.829787234043,0.734375,0.305071645476,0.286737737978,0.649958307444,0.177291941996,0.363748841422,strong_sell
0.932441185188,0.282527030573,0.845192665898,0.780024242204,0.193609703156,0.894736842105,0.6953125,0.334901111669,0.287538571766,0.651884857714,0.183467982097,0.324284769658,strong_sell
0.933044977001,0.283298318526,0.846075746082,0.794373010349,0.192939535427,0.686567164179,0.5625,0.436321296727,0.28738988631,0.652617730122,0.185945675278,0.340029982723,strong_sell
0.933484098319,0.284135888604,0.846184804072,0.807860940701,0.191698464774,0.708333333333,0.5625,0.436321296727,0.287401596664,0.651844363414,0.184903484754,0.32850332872,strong_sell
0.93374757111,0.286983250219,0.846272629533,0.822328086588,0.191278404412,0.720430107527,0.5234375,0.46615076292,0.287380527282,0.651200522455,0.185478292246,0.322405153915,sell
0.933824417341,0.290480237764,0.846098908841,0.821658899747,0.193360414565,0.741935483871,0.5390625,0.47916689569,0.287368492326,0.655006509311,0.191746162933,0.275104893312,sell
0.934263538659,0.293324564062,0.845995641541,0.806076183896,0.191671826885,0.709677419355,0.515625,0.506858684499,0.28736924704,0.654628245445,0.193435932356,0.268617986401,sell
0.93471363801,0.297787046256,0.845771734871,0.799576005732,0.190782458481,0.967741935484,0.703125,0.390298009926,0.287372152875,0.654916158317,0.185761147778,0.284644711378,sell
0.935174715394,0.301535995425,0.84665191971,0.77808496481,0.190701172713,0.879120879121,0.625,0.486494764807,0.287370530695,0.65452804967,0.180940041991,0.318451953445,sell
0.935580902614,0.306256068612,0.847105523739,0.767597395865,0.190608435009,0.868131868132,0.6171875,0.506590276834,0.287361632506,0.654624992643,0.178096759117,0.3290181448,sell
0.936041979998,0.311621470792,0.847604488171,0.746757895766,0.192931390983,0.967032967033,0.6875,0.472115164685,0.287362370002,0.654269403229,0.177245160376,0.298250266151,hold
0.936426211151,0.31931728978,0.848529068297,0.718773464882,0.169477438958,0.948275862069,0.4296875,0.619771022342,0.28736052516,0.653501993831,0.169498470718,0.285416790869,hold
0.936327408855,0.330258851352,0.847911394726,0.694049927121,0.184450520577,0.630434782609,0.2265625,0.736105940496,0.287360904198,0.652982038004,0.163239696457,0.273115060818,hold
0.936239584591,0.340488655051,0.846025560104,0.678286164162,0.183493115889,0.5,0.1796875,0.782640056905,0.28736155456,0.652308359371,0.164264127291,0.238213069059,hold
0.935954155734,0.350206742134,0.84388010956,0.669001111086,0.182803073076,0.425925925926,0.186991869919,0.762115816299,0.287357120997,0.652384902855,0.159855825979,0.239302771991,sell
0.935723617042,0.359600913045,0.841962426145,0.643542097315,0.184811110421,0.0804597701149,0.0569105691057,0.834288573527,0.287358901237,0.652235572706,0.153178182959,0.227049418403,sell
0.936074914097,0.367293471982,0.839257208926,0.630144613687,0.185671385511,0.13829787234,0.105691056911,0.807223789567,0.287360985508,0.651496907668,0.151065213144,0.208926676096,sell
0.936601859679,0.372389282906,0.83683477039,0.624326654467,0.187011128454,0.154639175258,0.121951219512,0.798202194913,0.287359063814,0.650803207095,0.143070754167,0.21577630242,sell
0.937172717392,0.375216977193,0.834501122429,0.613129238152,0.187311210652,0.23,0.186991869919,0.762115816299,0.287364469468,0.648489697878,0.136700223815,0.202662479699,sell
0.937809443304,0.379853143304,0.832520706541,0.623086013739,0.187450138877,0.366071428571,0.333333333333,0.680921464416,0.287364501976,0.662363954544,0.13194972362,0.191230152061,sell
0.93879746627,0.379169971674,0.831415649918,0.622577786835,0.187641465525,0.17094017094,0.162601626016,0.779456541356,0.28736325142,0.662999024269,0.127410607039,0.202189258179,sell
0.939532994478,0.380953982595,0.829292397017,0.625860584792,0.187597801927,0.0508474576271,0.0491803278689,0.856460480337,0.287360738313,0.666662275369,0.13403583732,0.192360119382,hold
0.940114830225,0.381708413837,0.826480052039,0.626912050791,0.187626875324,0.0964912280702,0.0932203389831,0.814143085076,0.287364474072,0.659518037002,0.12993378235,0.189194959444,sell
0.940861336466,0.382456443107,0.824051822813,0.643061007208,0.187457568296,0.0438596491228,0.0423728813559,1.0,0.287360776611,0.655969280183,0.128857371939,0.180883636233,hold
0.941530996476,0.380233645643,0.821336954445,0.654395906358,0.186522390234,0.0416666666667,0.384615384615,0.750022517373,0.287362251468,0.655639343259,0.122217414111,0.204917869698,hold
0.942453151244,0.37935960593,0.820505025354,0.664238913334,0.184728407497,0.454545454545,0.692307692308,0.530530093603,0.28736594672,0.654281864931,0.122099160573,0.21058391418,hold
0.94366073487,0.376925191981,0.821463384504,0.663558780102,0.185201320541,0.134615384615,0.615384615385,0.585403199545,0.287364838155,0.653668772299,0.11900940787,0.222156851512,hold
0.944758538165,0.37585247981,0.821981651234,0.669933530595,0.184754745442,0.557692307692,0.803418803419,0.451268940575,0.287368019204,0.652624707137,0.123398216841,0.206385451558,hold
0.94596612179,0.374389165564,0.823627172232,0.662606317778,0.180037884853,0.444444444444,0.615384615385,0.585403199545,0.287363212251,0.657724262493,0.123462758149,0.198304319915,hold
0.94733837591,0.372211175257,0.824168601722,0.665849596558,0.181504189121,0.827160493827,0.880341880342,0.396395834632,0.287364993331,0.59000602047,0.114425242322,0.236981849955,hold
0.949028992985,0.366089022114,0.82625228491,0.657797133231,0.181504189121,0.827160493827,0.880341880342,0.396395834632,0.287352150895,0.655992666235,0.103526857631,0.290489058704,hold
0.950785478258,0.361195496694,0.828323421603,0.645636653274,0.198776049965,0.814814814815,0.871794871795,0.402492846404,0.287366074603,0.656064662406,0.0942303102444,0.323177778766,hold
0.952432183201,0.357534468727,0.830373325767,0.64153526364,0.203678859642,0.730337078652,0.794871794872,0.457365952346,0.287364525228,0.650920498115,0.0859672901184,0.348133739344,hold
0.953793459288,0.354400538,0.832044904869,0.638810071823,0.194212346304,0.637362637363,0.717948717949,0.512239058289,0.287362284367,0.650639399088,0.0820320029594,0.390514241351,buy
0.955154735375,0.351912927244,0.833348775173,0.642800883052,0.192085796957,1.0,1.0,0.250142575105,0.287349723065,0.63570249277,0.0724053852575,0.419247583075,buy
0.956812418351,0.347938214255,0.836359933832,0.633716945029,0.1914902075,0.974025974026,0.935185185185,0.358401710949,0.287382403766,0.702251068267,0.0656155529826,0.434113296768,hold
0.958206628536,0.34571151548,0.838652081849,0.629222881358,0.191118657174,0.727272727273,0.725663716814,0.486959434762,0.287357241477,0.775065993609,0.0597843107443,0.444037213321,buy
0.9592605197,0.344524841498,0.840047638074,0.623834363377,0.190982875649,1.0,0.884955752212,0.365167906939,0.287379333173,0.65791691752,0.05027724607,0.464675527751,buy
0.960687663984,0.342428648221,0.842427611553,0.612244319083,0.196006423748,0.428571428571,0.469026548673,0.67004449922,0.287366504811,0.654336135265,0.0427726946083,0.47645071411,buy
0.961565906621,0.342534060604,0.842435332472,0.626720726164,0.194298314298,0.539682539683,0.44776119403,0.606946042216,0.28736741764,0.653794528658,0.0413012394097,0.4478098149,buy
0.962608819752,0.339292997642,0.842937192249,0.635017676409,0.191576572554,0.365853658537,0.267942583732,0.611569224178,0.287369231976,0.653586416691,0.0450519990696,0.426708693759,buy
0.963322391894,0.338182400394,0.843279808058,0.651599946842,0.19149252876,0.585365853659,0.354066985646,0.487337266735,0.287377276498,0.65366036106,0.0403253228473,0.450620678555,buy
0.96420063453,0.335205084251,0.844512259855,0.655948938803,0.174767757461,0.0487804878049,0.143540669856,0.711745872649,0.287368302999,0.654228918619,0.0371407074161,0.448993604086,strong_buy
0.96449704142,0.335519040515,0.84366585404,0.680616902772,0.192769605696,0.266666666667,0.306220095694,0.537077776161,0.287375501664,0.653460319303,0.0370592727451,0.464828393004,strong_buy
0.96527648176,0.332738315059,0.844449527383,0.696237190341,0.190969778615,0.254237288136,0.306220095694,0.537077776161,0.287376651161,0.653181509345,0.038414207058,0.446531725057,strong_buy
0.966077878166,0.32995825745,0.845230305382,0.710303091997,0.191253333817,0.28813559322,0.315789473684,0.52680318225,0.287377291596,0.653200722457,0.0384588228618,0.427395516538,buy
0.967000032934,0.326984138815,0.84612014137,0.72225892562,0.190937572345,0.237288135593,0.301435406699,0.542215073117,0.287375795067,0.652967492791,0.0385653809951,0.415095984747,buy
0.967966099834,0.323946387499,0.846769663735,0.736252039915,0.191395562161,0.413793103448,0.354066985646,0.485704806606,0.28737795178,0.651947316473,0.0365321131994,0.417203174005,strong_buy
0.968976078866,0.319818600368,0.847976057428,0.742455647201,0.191452345248,0.575,0.354066985646,0.485704806606,0.287376344539,0.651281022142,0.0379013418961,0.403141489184,strong_buy
0.969634760844,0.318586463424,0.849183416237,0.748646722498,0.190869929168,0.729411764706,0.406698564593,0.38463687643,0.28740332926,0.645770620109,0.0411808200558,0.421701099062,buy
0.970567893645,0.315938487406,0.850962123098,0.754900256786,0.190511682871,0.9625,0.454545454545,0.245764209481,0.28731933434,0.637551072858,0.0405432039085,0.453922014856,strong_buy
0.971599828743,0.312328304893,0.853051596976,0.750564926584,0.19043564965,0.808219178082,0.33971291866,0.402421547231,0.287380384158,0.70170888714,0.0388633972379,0.456373514439,buy
0.972434159247,0.309941435705,0.853956874803,0.746162522784,0.190155834273,0.785714285714,0.327014218009,0.428531103522,0.28738055256,0.658871040398,0.045768450909,0.410559851959,strong_buy
0.973378270082,0.305951692287,0.854795559699,0.747509335732,0.190414416393,0.811764705882,0.404255319149,0.415476325377,0.287369664021,0.660927782734,0.043577511729,0.411632103494,buy
0.974366293048,0.300938238628,0.855719174711,0.737294074836,0.190357134169,0.882352941176,0.429787234043,0.376311990939,0.287379374796,0.655274508672,0.0406294033741,0.425450093248,buy
0.975387250113,0.298040625644,0.856896614956,0.725424684249,0.190541398124,0.729411764706,0.374468085106,0.456350291802,0.287370189513,0.655286346785,0.0373633532718,0.431833882899,buy
0.976243536683,0.29495473171,0.857388823583,0.7192654885,0.190251344732,0.97619047619,0.468619246862,0.289969175536,0.287251449726,0.655229286571,0.0331127233443,0.435990051605,buy
0.977319383913,0.28892276423,0.858885716878,0.710905341704,0.190477454436,0.878378378378,0.4,0.45604975993,0.287369412552,0.654732612622,0.0285991633887,0.45148410307,hold
0.978219582615,0.284624094403,0.859567088036,0.693175491142,0.192182993948,0.717948717949,0.295719844358,0.68932974441,0.287363630023,0.653301224162,0.0200493892616,0.46491212706,hold
0.978713594098,0.284426844977,0.858330775779,0.685542738391,0.425587521154,0.729166666667,0.322957198444,0.657059346557,0.287365635901,0.653221793258,0.0185194570387,0.460234350094,hold
0.97924053968,0.283525491288,0.85744673048,0.66886292298,0.182755809586,0.389830508475,0.284615384615,0.731538688129,0.287364266657,0.652870837772,0.0197808281126,0.480358728704,hold
0.979613792801,0.284033427085,0.855904476782,0.655220203175,0.209170431247,0.372881355932,0.283524904215,0.737378983615,0.28736501898,0.652528822436,0.0162319224777,0.49439403108,hold
0.979965089855,0.286332657941,0.854308176647,0.646663748304,0.22882045502,0.135593220339,0.229885057471,0.824548562419,0.287364838614,0.648633673073,0.0200619509928,0.496823024453,hold
0.980272474778,0.286201306385,0.852110609895,0.651202102182,0.178630242009,0.151515151515,0.241379310345,0.806841283551,0.287366090597,0.65937923881,0.016881667193,0.478834976951,hold
0.980601815767,0.284278877568,0.849998938374,0.66551002798,0.182492483762,0.173333333333,0.288321167883,0.839756615115,0.287365598539,0.655574340663,0.0121961414694,0.483553738309,hold
0.981018981019,0.279669923935,0.848135301396,0.678755326201,0.185218625889,0.0161290322581,0.29197080292,0.833229226042,0.28736516948,0.655377498903,0.00926102800876,0.501503170783,hold
0.98146908037,0.275125683531,0.846286141142,0.686846403315,0.185218625889,0.0,0.308243727599,0.826701836969,0.287365826821,0.656632550673,0.00778220903674,0.511401780739,hold
0.981776465293,0.272501694991,0.844556655143,0.702122345227,0.180093240935,0.190476190476,0.351254480287,0.748373168095,0.287365182648,0.655381982953,0.0056545116757,0.528675821995,hold
0.982226564644,0.268470699432,0.8434438776,0.69869078871,0.12460364004,0.111111111111,0.365591397849,0.712810001711,0.287367940435,0.669476219145,0.0134674752956,0.514905533303,hold
0.982709598094,0.266422117005,0.84258685552,0.710017415233,0.1942494266,0.0634920634921,0.381443298969,0.731942004166,0.287368194124,0.654187783783,0.0208130558837,0.602581731764,hold
0.983126763347,0.261881699223,0.841669031198,0.728839374298,0.194770068879,0.208955223881,0.419243986254,0.632253664862,0.287370890613,0.653995496384,0.0197583036292,0.659016892271,hold
0.983554906632,0.256064098338,0.841365985102,0.742506218483,0.195580605464,0.36231884058,0.45704467354,0.568010414513,0.287374261198,0.653778994762,0.0152170212324,0.750283505044,hold
0.983818379423,0.252356895066,0.841699914877,0.753665797579,0.195223769932,0.173913043478,0.412371134021,0.643934255835,0.287368264131,0.65376137134,0.0133301625791,0.846831269806,hold
0.983950115818,0.251398111793,0.841451880333,0.765101961258,0.207942096013,0.657894736842,0.518900343643,0.46288509576,0.287377947222,0.651210341577,0.0138525573302,0.854581076669,hold
0.9844770614,0.250822173631,0.84269205305,0.761430184272,0.192085796957,0.62962962963,0.505154639175,0.486246277705,0.287374461583,0.65703122159,0.0122134679951,0.879686034361,hold
0.984806402389,0.253632677319,0.843993993125,0.754836613956,0.195452626714,0.682352941176,0.515463917526,0.531985714697,0.287367724789,0.655522137151,0.00904834490529,0.912220681811,hold
0.984850314521,0.259190660753,0.845509223604,0.730077183132,0.19273526363,0.529411764706,0.496732026144,0.595815492799,0.287365748364,0.653981431605,0.00840509763714,0.899510107234,hold
0.985014985015,0.26570611962,0.846510047812,0.712402252805,0.19438582844,0.717647058824,0.549019607843,0.517255765904,0.287368516715,0.654934111888,0.00323876082421,0.89740382585,hold
0.985476062399,0.270749699792,0.848421940537,0.694069760487,0.195172419679,0.717647058824,0.567398119122,0.571887716951,0.287367398566,0.65489268163,0.000580871775479,0.904498298755,sell
0.98584931552,0.275217936343,0.850453507517,0.684650926903,0.196727448296,0.896551724138,0.62037037037,0.637559838779,0.287358951155,0.654950472792,0.00674954810255,0.865226014335,sell
0.986310392904,0.277257740545,0.853335340772,0.647198057231,0.202242299114,0.908045977011,0.623456790123,0.634905159013,0.287357826986,0.65404425567,0.00665208639526,0.87217515641,sell
0.987056899145,0.281656788097,0.856420813283,0.602965509545,0.131672580523,0.972222222222,0.570987654321,0.680034715043,0.287361974807,0.653669007755,0.0110547565861,0.873921078844,sell
0.987342328002,0.288932103962,0.858775693773,0.58412046547,0.18289646107,0.71875,0.496913580247,0.743747029439,0.287362493834,0.652316989314,0.0035003913629,0.931213677112,sell
0.987342328002,0.293784189604,0.860095005916,0.573465136762,0.185659710403,0.34375,0.422839506173,0.807459343835,0.287361171472,0.647083199763,0.0,0.944594440489,hold
0.986969074881,0.299216304596,0.860313121896,0.563011501937,0.185534019077,0.297297297297,0.422839506173,0.807459343835,0.287360205786,0.649546388757,0.00144763122569,0.902434807877,hold
0.986639733892,0.303946397564,0.860618098222,0.546371526767,0.186967040765,0.416666666667,0.462962962963,0.77294850687,0.287360718238,0.652183076357,0.00237893198429,0.845967051983,hold
0.986497019464,0.308929563859,0.861695166511,0.528040137814,0.186671231027,0.185840707965,0.41975308642,0.810114023601,0.287360955727,0.650346388991,0.00444685283152,0.809864900444,hold
0.986255502739,0.313531772355,0.862159386805,0.524368330214,0.173727816288,0.557522123894,0.560240963855,0.698617473409,0.287360216336,0.610716435882,0.00889976994705,0.777262973227,hold
0.986387239134,0.314742677572,0.864840476149,0.493134373653,0.183478658988,0.194690265487,0.441791044776,0.807459343835,0.287358292934,0.650453116087,0.0376756638983,0.630480062551,hold
0.986024964047,0.320178070175,0.865634765757,0.4746922164,0.178696437467,0.0597014925373,0.408823529412,0.844624860565,0.287357660459,0.650167205051,0.0504089276657,0.56204602188,hold
0.985454106333,0.325299666758,0.86589052122,0.460140124274,0.182255399065,0.0861244019139,0.438235294118,0.827971652951,0.287354716865,0.61743763382,0.0680425660758,0.529859458695,hold
0.985080853213,0.329843356989,0.866714729391,0.449287182508,0.181943176798,0.0292682926829,0.414705882353,0.834308070433,0.287358674245,0.65753723243,0.0896153901132,0.432627000227,sell
0.985047919114,0.332016118507,0.867253263536,0.463147361932,0.184482028705,0.0163934426229,0.470588235294,0.736008626623,0.287356628784,0.65448861533,0.0920493338167,0.406517078963,sell
0.985476062399,0.328237455598,0.868797447464,0.474842420656,0.18515322743,0.0529411764706,0.526470588235,0.691150186824,0.28736126831,0.653999870747,0.0964468060499,0.394522638008,sell
0.986288436838,0.321322247434,0.871399397382,0.496780131419,0.186126490269,0.1,0.55,0.672262422698,0.287359878578,0.653728725059,0.101031404761,0.392617796715,hold
0.987287437837,0.30929904386,0.874475218743,0.518013734944,0.183220933752,0.323529411765,0.661764705882,0.578001376234,0.287362247638,0.653102584844,0.0972663507175,0.432614032008,sell
0.988571867693,0.296384777348,0.879585502429,0.53381793852,0.178652895162,0.305882352941,0.652941176471,0.583824352943,0.28736231992,0.653360327261,0.0913216197356,0.466553349121,hold
0.98990020968,0.28239438178,0.884771065082,0.546903141353,0.19913245787,0.324324324324,0.632352941176,0.580891742968,0.287362457854,0.653195952745,0.0902417440188,0.494857655475,sell
0.991041925108,0.269180500122,0.889818616295,0.557804880336,0.19286288179,0.237837837838,0.585294117647,0.615433568412,0.287363265022,0.652968241636,0.0872057035457,0.515802586003,sell
0.991854299547,0.257442305725,0.894260075318,0.585797395832,0.190512853863,0.578378378378,0.770588235294,0.342656772879,0.287415214808,0.651723132453,0.0887897811616,0.531496072413,sell
0.993358290062,0.240609891284,0.902011878635,0.602500237888,0.1905369341,0.991525423729,0.996336996337,0.296278458311,0.287218475687,0.652033818181,0.0938287680104,0.561053998434,sell
0.994895214675,0.22060555826,0.910431541501,0.605506562425,0.191282526514,0.478260869565,0.775280898876,0.488107312714,0.287367332382,0.652676228829,0.0997851943971,0.564933444425,sell
0.99572954518,0.202838836621,0.915931731629,0.611004443798,0.191924547028,0.420289855072,0.700374531835,0.547131575607,0.287349375051,0.652356881828,0.0993212766704,0.569357885858,sell
0.996289424861,0.187304805431,0.9206086787,0.604641667938,0.192936876017,0.58024691358,0.74531835206,0.498737362221,0.287362561981,0.651084976048,0.0906549816577,0.608491637358,sell
0.996772458311,0.174257518775,0.926019113137,0.618637201896,0.191594194153,0.716049382716,0.827715355805,0.438009911643,0.287365516852,0.651848668963,0.0779680663467,0.667354498261,sell
0.997486030453,0.155106512364,0.932627255232,0.625379452831,0.191661837674,0.66049382716,0.794007490637,0.45916797449,0.287365948219,0.651689352416,0.0713792217704,0.707027604443,hold
0.998034932101,0.136658281353,0.93897674652,0.631562025892,0.191771975042,0.60843373494,0.756554307116,0.486101376005,0.287366147163,0.65191270285,0.0680858823901,0.748677713741,hold
0.998375251123,0.119417823162,0.944994238264,0.645312759237,0.190356127291,0.778443113772,0.861423220974,0.410687851765,0.287371227223,0.650833683947,0.0615953658474,0.81620788843,hold
0.998946108836,0.100343641007,0.952520204682,0.64798080447,0.19624497782,0.70652173913,0.797752808989,0.317719590716,0.287501450387,0.650057396025,0.0574738185367,0.870857771495,hold
0.999253493759,0.0827274397783,0.959434288218,0.64993814124,0.196041326756,1.0,1.0,0.275469227412,0.287326112006,0.649708474053,0.0670883076706,0.839621961624,hold
0.999659680978,0.0641007842089,0.966539464516,0.648295834577,0.202567840547,0.936,0.960975609756,0.0838215515509,0.287356872027,0.648779856819,0.063911922339,0.850866209278,hold
1.0,0.0443293811734,0.972895711608,0.635784549885,0.182775629764,0.893333333333,0.802197802198,0.343357041319,0.287374128657,0.648256427876,0.0596591265958,0.871772834483,hold
0.999780439341,0.0275827697901,0.976846892233,0.635440491886,0.186416653088,0.945205479452,0.813186813187,0.227168664711,0.287356896381,0.649633998313,0.0609140002226,0.879157574661,hold
0.99940718622,0.0103154475321,0.980923537803,0.626329918231,0.185934712003,0.589285714286,0.615384615385,0.459422275909,0.287357378327,0.650840022961,0.0649203261372,0.957643750697,hold
0.998342317024,0.0,0.983259115993,0.62731155479,0.185281729598,0.826086956522,0.675824175824,0.38845589471,0.287370485272,0.650982943491,0.0714498273628,1.0,hold
0.997409184222,0.000766416062128,0.986137088789,0.631174673265,0.185987148168,0.63768115942,0.604395604396,0.448370747158,0.287363271147,0.65220499699,0.0742333337232,0.973446112265,hold
0.996333336993,0.00114176000989,0.988409934507,0.635216818446,0.184372079889,0.648648648649,0.598901098901,0.453864094397,0.287371519484,0.652229495178,0.0803673569988,0.937328290508,buy
0.995202599598,0.00164115182665,0.99060171057,0.645323089101,0.183828881555,0.594594594595,0.576923076923,0.457043826891,0.287371229132,0.652739372146,0.0826696191067,0.911357708244,buy
0.993995015973,0.00200837911481,0.992527114905,0.653688121008,0.178700466754,0.432432432432,0.510989010989,0.506857907429,0.287373974819,0.652999761232,0.0882405302956,0.865905598945,buy
0.992600805788,0.00338373613016,0.993839671243,0.667784659117,0.180912505117,0.43023255814,0.472527472527,0.539494852793,0.2873701406,0.65306715024,0.100815689516,0.822139690301,buy
0.990690628053,0.00689554092568,0.994741088611,0.67901004223,0.0,0.348837209302,0.434065934066,0.572131798158,0.287368861638,0.652805353036,0.107787883474,0.781283238068,strong_buy
0.988462087363,0.0123055967291,0.995249704192,0.691813256532,0.20081726725,0.488372093023,0.5,0.516182748962,0.287370220226,0.651719047609,0.108453655226,0.806817230945,strong_buy
0.986343327003,0.0166432219404,0.996278516734,0.704888310593,0.190289099962,0.988372093023,0.736263736264,0.0474951743537,0.287347669265,0.647998709189,0.10970549671,0.782864835638,strong_buy
0.984575863697,0.0204958431196,0.999295466083,0.700601302856,0.191450247634,0.68085106383,0.445054945055,0.415068771521,0.287381739021,0.651419365566,0.111762155316,0.755986526349,strong_buy
0.981985047919,0.0296098436776,0.999732663158,0.700223749227,0.190845214156,0.63829787234,0.434065934066,0.428939473301,0.287381565992,0.69191848028,0.115039034497,0.70219788842,strong_buy
0.97935032001,0.0395018970867,0.999952709367,0.703624989535,0.190775588383,0.553191489362,0.412087912088,0.456680876861,0.287381949677,0.652015986046,0.122133813625,0.655865616327,strong_buy
0.9767155921,0.0500482676667,1.0,0.714733999546,0.190559225435,0.548387096774,0.373626373626,0.487574082157,0.287380515187,0.65275235549,0.132357330138,0.61294342443,strong_buy
0.973993039927,0.0601567515821,0.999620709823,0.732752012543,0.191328811807,0.564516129032,0.379120879121,0.47565698766,0.28738247855,0.652913898873,0.14172491628,0.609986172763,buy
0.971259509721,0.0691254119671,0.999221152231,0.751597502076,0.192381056736,0.72,0.412087912088,0.432405992854,0.287397379495,0.652829554552,0.143952674328,0.633177310906,strong_buy
0.968449133284,0.0791947332952,0.999068664069,0.772096997906,0.193264822431,0.6875,0.39010989011,0.455523829154,0.287387075131,0.652537546578,0.143458002018,0.695060768121,strong_buy
0.965375284057,0.089974712059,0.998643048373,0.786790168541,0.192697088871,0.825,0.450549450549,0.348867064358,0.287474659425,0.651101048688,0.14424375996,0.692470823516,strong_buy
0.96226850073,0.100835621164,0.998699990156,0.800373688482,0.191326862195,0.819444444444,0.412087912088,0.376311990939,0.287426571054,0.650750787974,0.14740758356,0.69387825729,strong_buy
0.958920200678,0.113057123852,0.998403699865,0.813714751864,0.191727055165,0.913043478261,0.434065934066,0.324737881099,0.287688612253,0.648500227878,0.171303461537,0.605273740529,buy
0.956087868176,0.120681900593,0.998183653655,0.82304028972,0.191915653948,0.907692307692,0.412087912088,0.295838404132,0.287097358482,0.63545085549,0.188892917306,0.552267411143,buy
0.955297449803,0.117306548073,0.997751282155,0.822402421371,0.19286861778,0.666666666667,0.296703296703,0.431654411894,0.287391039442,0.656370250401,0.185162949477,0.570645336322,buy
0.954298448804,0.118882327767,0.996231226101,0.826983833252,0.156193228775,0.792452830189,0.318681318681,0.399490465738,0.287403321678,0.655562244967,0.18253841399,0.58367022348,strong_buy
0.953266513706,0.120844450196,0.994801890853,0.828387089354,0.181826286894,0.433962264151,0.214285714286,0.55226920998,0.287373996009,0.654654478522,0.178390876891,0.60518554471,buy
0.952135776312,0.122288767638,0.99241130111,0.83171191235,0.171490307424,0.508196721311,0.214285714286,0.55226920998,0.287377687602,0.653409914879,0.172705610632,0.612735881056,buy
0.950994060884,0.124636237208,0.98994929286,0.839414160617,0.171572245806,0.3125,0.137362637363,0.702681444584,0.287369839787,0.652186431979,0.174669572325,0.59469708504,buy
0.949709631028,0.126271133447,0.986715192647,0.843912097919,0.18337023212,0.463768115942,0.175824175824,0.656989721074,0.287370102199,0.653622052166,0.171427346196,0.600525954047,buy
0.948436179205,0.129391437576,0.983729126976,0.844031426359,0.185132315496,0.521739130435,0.197802197802,0.664109586088,0.287370591638,0.653555851955,0.178681096197,0.547801017525,buy
0.947085881152,0.133996014104,0.980913886653,0.842312963611,0.186237456036,0.695652173913,0.263736263736,0.623757893205,0.287369995335,0.653903751182,0.173819273074,0.554924478284,buy
0.945999055889,0.133834087744,0.978522331795,0.833309558599,0.184000402695,0.68115942029,0.258241758242,0.66213804622,0.287367236898,0.653683624894,0.169025889728,0.547611514788,hold
0.94500005489,0.135482921383,0.976051637511,0.823690370094,0.177173433997,0.913043478261,0.346153846154,0.621428779281,0.287367732167,0.653884602999,0.158527314618,0.542043729751,hold
0.944088878155,0.139073062055,0.974244942315,0.808523983707,0.183258519389,0.946428571429,0.274611398964,0.660227945099,0.287367532341,0.653510649078,0.15379024248,0.54248099409,hold
0.943287481749,0.141828129106,0.971911294354,0.795005153194,0.185906294151,0.545454545455,0.155440414508,0.74946602648,0.287364650723,0.652969780512,0.153010548822,0.517951926623,hold
0.942321414849,0.14438602057,0.968346159711,0.781153139615,0.186585801228,0.267857142857,0.0777202072539,0.810380535752,0.287361712362,0.652690605966,0.16170933107,0.458250393823,hold
0.941146765323,0.14842655111,0.963966468046,0.762305764573,0.185595386632,0.237288135593,0.0725388601036,0.81761717092,0.28736132294,0.652636317798,0.17004035781,0.408198661201,sell
0.940081896126,0.15363640236,0.959429462643,0.742087359505,0.186091172341,0.047619047619,0.0155440414508,0.913629973512,0.28736032441,0.65241796434,0.185755949821,0.3574798015,hold
0.938874312501,0.158651867821,0.954251620911,0.727175439903,0.184833775653,0.130434782609,0.0508474576271,0.839797619385,0.287360866543,0.65252573504,0.185880700806,0.361202871286,sell
0.93764477281,0.165093721121,0.950029242983,0.709575594967,0.184833775653,0.0,0.0,0.869266901068,0.287360393349,0.652253733222,0.189485484486,0.351087659941,sell
0.936404255086,0.170245077565,0.945316586659,0.696176450939,0.185331616785,0.05,0.0223463687151,0.876532971208,0.287358268192,0.652264191822,0.190354842916,0.361338106798,sell
0.934889286538,0.17779070022,0.940709127864,0.675442417885,0.186341150596,0.047619047619,0.0232558139535,0.88473512146,0.287359335936,0.652240700925,0.193890320493,0.353482710613,sell
0.933528010451,0.187158918165,0.936336192004,0.664172523459,0.185566878359,0.150537634409,0.0858895705521,0.813022649673,0.287358561948,0.652158237864,0.195075454854,0.352734996365,sell
0.932803460276,0.191812603337,0.93278263874,0.6468684091,0.185185279315,0.12962962963,0.0858895705521,0.813022649673,0.287360275807,0.651441505553,0.195922721963,0.350517414714,sell
0.9321118442,0.196274148561,0.929081422888,0.644368704681,0.184090581748,0.12037037037,0.0722222222222,0.816796990293,0.28736062613,0.650171513378,0.197490772542,0.305444849597,hold
0.931233601563,0.197169960356,0.925196835195,0.645507260158,0.184829461012,0.175925925926,0.105555555556,0.794150946571,0.287360485106,0.646862290632,0.193757772571,0.315747301235,hold
0.930498073355,0.197030684521,0.921581514574,0.642361919323,0.187550813611,0.0173913043478,0.0111111111111,0.906962129499,0.287360464057,0.641261014723,0.190936581017,0.322330919288,hold
0.929499072356,0.198703741944,0.917019416183,0.649081986561,0.185885460305,0.0964912280702,0.0654761904762,0.88917641027,0.287359950913,1.0,0.189216923337,0.333000226215,hold
0.928763544148,0.198824167806,0.913316270101,0.652205286888,0.185767428498,0.0673076923077,0.0460526315789,0.833227361074,0.287361393685,0.523540036123,0.182458711972,0.393681529512,hold
0.928203664467,0.197130358293,0.910134286095,0.655043646424,0.196183930265,0.163461538462,0.111842105263,0.865865083509,0.287363200507,0.659085442563,0.179484613829,0.438683868278,hold
0.927094883139,0.199192472516,0.907367301519,0.665116092664,0.232504134697,0.122448979592,0.179310344828,0.778833229203,0.287361476323,0.662196224196,0.172733766237,0.487621970658,hold
0.926381310997,0.19808011482,0.905261420688,0.666642851569,0.197960961613,0.149425287356,0.262068965517,0.713559338474,0.287363627228,0.678730154435,0.16074337726,0.539063195358,hold
0.926084904107,0.194960518152,0.903655469403,0.670682473397,0.168410475226,0.206896551724,0.315436241611,0.686361884004,0.28736568851,0.6665459766,0.156115895398,0.581908962884,sell
0.925755563118,0.193917320217,0.902311064271,0.674012771362,0.207942096013,0.126436781609,0.268456375839,0.724438320262,0.287363916463,0.663403397639,0.148873840801,0.637476265968,hold
0.925228617536,0.195533148008,0.9005188458,0.677289470987,0.196148827893,0.0434782608696,0.335570469799,0.670043411322,0.287366651945,0.660728989776,0.141753071885,0.665294471115,sell
0.924745584086,0.198253930827,0.899169615093,0.689066049498,0.191698464774,0.369230769231,0.503355704698,0.534056138969,0.28737361718,0.653479473834,0.136689394737,0.69657721396,sell
0.924569935559,0.19844650266,0.899199533656,0.698951581405,0.195699757853,0.430769230769,0.530201342282,0.512298175393,0.287375285307,0.653061621635,0.138529038607,0.7121292436,sell
0.924218638504,0.20019555757,0.899428265901,0.708854622646,0.20302850944,0.55223880597,0.577181208054,0.474221739135,0.287379542872,0.652358387912,0.139648765333,0.714614560326,sell
0.924086902109,0.201233108446,0.900050765047,0.714985060044,0.201339373278,0.528571428571,0.557046979866,0.490540211817,0.287383972628,0.652715231788,0.140448384496,0.720295899629,sell
0.923724627021,0.204411530382,0.900579648042,0.728414114327,0.199889067798,0.676470588235,0.557046979866,0.467082747304,0.287378709092,0.652052561532,0.144049702872,0.714407969018,sell
0.923494088329,0.205838054472,0.901207937877,0.733816852134,0.192125085639,0.979166666667,0.724832214765,0.316877708603,0.287962386099,0.634779907738,0.145383845354,0.706383141806,sell
0.923724627021,0.205450798987,0.903117900373,0.733474741285,0.192727600522,0.831578947368,0.624161073826,0.394560044056,0.287392016907,0.645365326448,0.146337237433,0.697370709259,strong_sell
0.923790495219,0.204866933678,0.904381235849,0.731629241983,0.192352214975,0.956989247312,0.691275167785,0.334901111669,0.287492355985,0.657472328996,0.146565081246,0.708535119926,strong_sell
0.923856363417,0.207660590659,0.906232326332,0.723986104587,0.197740623964,0.58064516129,0.456375838926,0.443885545193,0.287381650484,0.657670780971,0.135934824541,0.750034100122,strong_sell
0.923131813242,0.214799317597,0.906444651622,0.720434597598,0.192179164128,0.718309859155,0.436241610738,0.467328984821,0.287376725036,0.654506402851,0.135096220695,0.769450298046,strong_sell
0.922374328968,0.223240233291,0.906516070129,0.720600677433,0.178045032685,0.746478873239,0.44966442953,0.451700025069,0.287379503283,0.654683065279,0.134131999537,0.788589359786,sell
0.921660756826,0.231099890447,0.906711988465,0.720653663647,0.172309686323,0.69014084507,0.422818791946,0.482957944573,0.287376135421,0.653956786407,0.135329262466,0.805242955245,sell
0.920947184683,0.237987563208,0.906747697718,0.724114230733,0.182034523119,0.788732394366,0.469798657718,0.440245710334,0.287379520294,0.652799108807,0.145001795461,0.789021636382,strong_sell
0.920101876146,0.246373353421,0.907119266976,0.725054073208,0.185669699549,0.802816901408,0.476510067114,0.523179876927,0.287368438287,0.651686702531,0.154110350043,0.780153093599,sell
0.919344391872,0.25411246984,0.90767903365,0.715590087002,0.185188014286,0.482142857143,0.375838926174,0.663429872474,0.287363243929,0.653585782684,0.16047871458,0.80052818744,sell
0.918444193169,0.264327290174,0.907515929222,0.708239592935,0.184357324309,0.857142857143,0.51677852349,0.50597866308,0.287367638444,0.653888511747,0.16217368196,0.838732488413,sell
0.917620840698,0.271683759217,0.908446300039,0.695771107568,0.185375147123,0.696428571429,0.456375838926,0.5884527216,0.287364862128,0.653869618653,0.168847859676,0.791606105122,strong_sell
0.917115851182,0.275786982432,0.908968427229,0.685409185192,0.185375147123,0.625,0.429530201342,0.667712422958,0.287362060105,0.653726387919,0.176160953028,0.747078389078,strong_sell
0.916863356424,0.280995226888,0.909302357004,0.671857784216,0.183677441083,0.803571428571,0.496644295302,0.611097313653,0.287361615388,0.653687757583,0.176218563726,0.757491962539,sell
0.916841400358,0.285160360122,0.910199913912,0.649211730815,0.185989013357,0.535714285714,0.395973154362,0.696019977611,0.287363226016,0.653081221138,0.179228181248,0.744069627098,strong_sell
0.916698685929,0.290758756397,0.910380390408,0.640483959187,0.186135057486,0.375,0.335570469799,0.746973575986,0.287362906717,0.650176678446,0.185175078045,0.727027950173,strong_sell
0.916643795765,0.293753140693,0.91012753029,0.6353937632,0.186668605954,0.375,0.335570469799,0.746973575986,0.287361355837,0.651372861277,0.186973138254,0.744284178115,strong_sell
0.916687707896,0.297722407451,0.909858263218,0.622407378132,0.187243624016,0.428571428571,0.355704697987,0.752513638376,0.287361648984,0.651689365303,0.189279731993,0.738446818463,strong_sell
0.916863356424,0.303381519337,0.909793600516,0.607645424069,0.18768908771,0.0,0.228187919463,0.897390271109,0.287361094291,0.650446411416,0.19143298598,0.726459854259,strong_sell
0.916874334457,0.308912823745,0.908786985618,0.6049907494,0.187474417038,0.431034482759,0.429530201342,0.716718278944,0.287361229903,0.652361838963,0.190696175473,0.712239447626,strong_sell
0.917039004951,0.314050730411,0.909279194245,0.589057182606,0.185591554632,0.28125,0.38255033557,0.758479531615,0.287360223211,0.652359560969,0.189307454434,0.734098810283,sell
0.917006070852,0.322901402112,0.909376670855,0.573794125789,0.18575882764,0.515625,0.48322147651,0.668991133035,0.28736294958,0.652805635417,0.192471278035,0.712062488128,hold
0.917543994467,0.330307250149,0.910229832475,0.564829883028,0.186571597486,0.367647058824,0.429530201342,0.716718278944,0.287361519736,0.65127354794,0.192408036216,0.714469260996,buy
0.918027027917,0.336085917315,0.910678610929,0.554263059166,0.186997420664,0.352272727273,0.469798657718,0.705914207529,0.28735196869,0.651151664002,0.196608852382,0.693110595389,hold
0.918696687927,0.341142622417,0.911456493583,0.541444692526,0.187042096691,0.272727272727,0.422818791946,0.678075949367,0.287363972419,0.649152914301,0.200602616565,0.652387902063,sell
0.919311457773,0.349320568193,0.911897551117,0.556050236467,0.186873630438,0.238636363636,0.402684563758,0.690879674087,0.287365524467,0.654309070601,0.206188255301,0.626247318826,hold
0.919761557124,0.354444668392,0.912221829742,0.573572614935,0.186478393128,0.193181818182,0.375838926174,0.70193737168,0.287365656428,0.654366793502,0.211979213367,0.634208482067,hold
0.920332414838,0.360408907725,0.91237335279,0.592356100368,0.18532866294,0.0285714285714,0.395973154362,0.660227945099,0.287366168571,0.653990707689,0.219080489942,0.620463948081,sell
0.920881316486,0.36546194448,0.912660957047,0.612245757848,0.184646320826,0.0740740740741,0.51677852349,0.586536234574,0.28737167584,0.653564677103,0.231060483003,0.625564315952,strong_sell
0.921704668957,0.366149691664,0.91376022298,0.635543704392,0.184906261573,0.314814814815,0.604026845638,0.536793028191,0.287374398316,0.653312975142,0.242933051604,0.577589531555,strong_sell
0.92212183421,0.367240568496,0.915568848406,0.653659046853,0.192822112124,0.254237288136,0.590604026846,0.544445829173,0.287373609744,0.653200095104,0.237376434799,0.604858537896,sell
0.92230846077,0.370678237223,0.917286753025,0.670384271935,0.192259062133,0.220338983051,0.577181208054,0.545627031301,0.287375542106,0.653048348906,0.233081622231,0.602825386538,sell
0.922934208648,0.369227417482,0.918945785633,0.691491224984,0.193600499903,0.491525423729,0.684563758389,0.486048178018,0.287381127137,0.65256468745,0.235918407658,0.588749639477,hold
0.923614846692,0.368100032162,0.92145218917,0.709667992046,0.191952453367,0.694915254237,0.765100671141,0.441364038056,0.287380590828,0.652296469083,0.235438029731,0.591169058588,hold
0.924416243098,0.367033980371,0.924595568578,0.711760229315,0.193150443208,0.405405405405,0.557046979866,0.556798066291,0.287367592583,0.652579879799,0.236995684396,0.579075401701,strong_sell
0.924866342449,0.36864231062,0.926270043025,0.714902012497,0.191203580859,0.461538461538,0.530201342282,0.571692779612,0.287366821729,0.651471113353,0.243471906555,0.520895945857,sell
0.925579914591,0.368748032056,0.927779482814,0.722004113042,0.190286450473,0.638461538462,0.684563758389,0.486048178018,0.287366876402,0.649082504773,0.244279755817,0.496896473615,strong_sell
0.926710651985,0.366762750087,0.930451886124,0.718329881303,0.190277107818,0.606060606061,0.651006711409,0.504666569669,0.287378235863,0.644086499844,0.243272651509,0.482617041842,strong_sell
0.92765476282,0.366796223358,0.932932231558,0.728017816571,0.190044074642,0.594405594406,0.610738255034,0.52700863965,0.287375700937,0.651349389687,0.238693683918,0.474169189088,strong_sell
0.928686697917,0.363518578426,0.935163577334,0.739993310989,0.190078445804,0.710344827586,0.718120805369,0.467429786367,0.287389644477,0.649893252879,0.24314053675,0.460344883103,strong_sell
0.930146776301,0.356663087615,0.938212375476,0.751882791352,0.190061093913,0.786206896552,0.791946308725,0.426469324735,0.287397197643,0.649796718043,0.240466187502,0.46611403636,sell
0.931936195672,0.347664952985,0.941853754201,0.752218973184,0.190018041145,0.6,0.610738255034,0.52700863965,0.287374181976,0.643800070064,0.24104879193,0.463328862793,hold
0.933396274056,0.33991489495,0.944226971875,0.752958773609,0.190018041145,0.691275167785,0.691275167785,0.482324499688,0.287381595828,0.0,0.239598994888,0.465446017725,sell
0.934922220637,0.333270294099,0.947255502603,0.753922352158,0.189935648404,0.691275167785,0.691275167785,0.0,0.287346484538,0.751043871745,0.232680946323,0.481386928139,sell
0.936920222635,0.32338468573,0.950327463504,0.739916009368,0.190314740457,0.871794871795,0.251851851852,0.580047528978,0.287369881777,0.654553350244,0.231277497738,0.48781339712,hold
0.938237586589,0.318892429847,0.950073638271,0.735008631663,0.190399511474,0.545454545455,0.177777777778,0.66411238825,0.287365000681,0.653763249211,0.239308342419,0.455483111253,hold
0.939818423335,0.314010400597,0.949321813721,0.727569703127,0.190230351842,0.372881355932,0.162962962963,0.680925360105,0.287367359349,0.65352619351,0.242761518999,0.427935884769,sell
0.941223611553,0.311850723117,0.948414605664,0.727496653658,0.190575604692,0.363636363636,0.177777777778,0.66411238825,0.287367271989,0.652804149493,0.256289203972,0.379505349021,hold
0.942167722388,0.311962803067,0.947592327722,0.723660687332,0.190759888442,0.151515151515,0.0740740740741,0.781803191231,0.287368524179,0.651158360332,0.255066817581,0.381354295882,hold
0.9427715142,0.315182681851,0.946050074024,0.726417933261,0.190905444,0.181818181818,0.0888888888889,0.774662629959,0.28736413485,0.649459538578,0.256985297143,0.365032027184,hold
0.943539976507,0.317558361129,0.944557041189,0.719578121195,0.19120609865,0.19696969697,0.0962962962963,0.767062245422,0.287363700408,0.652867553447,0.252088387806,0.367502142384,buy
0.94392420766,0.323041551639,0.943044706055,0.711148755257,0.190760128797,0.106060606061,0.0518518518518,0.826795059117,0.287361646479,0.652459421637,0.251079550844,0.372717234001,strong_buy
0.944418219143,0.326454264794,0.941120266835,0.701795006479,0.19107047347,0.09375,0.0451127819549,0.819631677363,0.287363107705,0.652577526477,0.251261046202,0.368231368058,strong_buy
0.945043967022,0.330767107983,0.93919100204,0.70002245422,0.190606301859,0.375,0.18045112782,0.680924659564,0.287365375981,0.652962931109,0.249501537513,0.361160808268,buy
0.945768517197,0.333009985305,0.938081119842,0.697739913329,0.190801682729,0.53125,0.255639097744,0.603865205231,0.287369671681,0.65330070291,0.239946824892,0.387400647562,buy
0.946504045405,0.334541637284,0.937360178971,0.697664207596,0.192306592527,0.546875,0.263157894737,0.596159259798,0.287371902233,0.653788595511,0.234120347449,0.397990830617,buy
0.947305441811,0.336264660445,0.936556238214,0.702782123214,0.191594194153,0.734375,0.353383458647,0.503687914599,0.287374756044,0.654876187393,0.229174057513,0.402770662381,buy
0.948260530678,0.336821667975,0.936351633843,0.69623311038,0.23618759344,0.178571428571,0.0680272108844,0.802817304428,0.287359176317,0.650787739439,0.222300191588,0.416153090944,buy
0.948743564128,0.341002948012,0.93428049715,0.68604230993,0.165703132853,0.214285714286,0.0816326530612,0.790207575537,0.287361572123,0.652499868374,0.222891026116,0.392321803213,buy
0.949050949051,0.348993845967,0.932194883733,0.680835461406,0.179990832144,0.107142857143,0.0408163265306,0.934270705235,0.287361310096,0.651216333336,0.221835840698,0.368503394354,buy
0.949325399875,0.355436349694,0.929716468529,0.678997514505,0.180912505117,0.0,0.0,0.88149641825,0.287362590134,0.651925928124,0.221644382589,0.354099551821,strong_buy
0.949479092336,0.362526725225,0.927662703905,0.681122580779,0.175791924746,0.277777777778,0.115384615385,0.748650260357,0.287365987477,0.643835282736,0.220792783849,0.335633190987,buy
0.949885279556,0.368447093483,0.926284519749,0.684385890167,0.170027103643,0.111111111111,0.0461538461538,0.818980579241,0.287365563907,0.661260048872,0.218321154952,0.319763583602,hold
0.950214620544,0.37307911558,0.924409301392,0.691631286187,0.185507306123,0.218181818182,0.0923076923077,0.772093699985,0.287366224804,0.659595986037,0.218692375766,0.307089982188,buy
0.950774500225,0.375832163472,0.922719385106,0.698418515245,0.185166201219,0.363636363636,0.153846153846,0.709577860977,0.287367274336,0.655914751795,0.217758476028,0.315828637798,buy
0.951531984499,0.378061496973,0.921357607905,0.70522079792,0.182878694584,0.581818181818,0.246153846154,0.615804102465,0.287370070496,0.658897393997,0.213565889962,0.339833915055,buy
0.95257489763,0.37641269307,0.920518923009,0.70697347391,0.185532950559,0.290909090909,0.123076923077,0.740835780481,0.287366711406,0.664583995032,0.213422946124,0.340728795868,buy
0.95354096453,0.375862817249,0.918843483447,0.713204871895,0.185755579018,0.345454545455,0.146153846154,0.717392340853,0.287367203213,0.660099030582,0.212741147337,0.347760606755,buy
0.95469365799,0.372601470357,0.917217264748,0.717854371405,0.186319374753,0.154929577465,0.0846153846154,0.927517482078,0.287363856698,0.659299007932,0.210077627167,0.35199415303,hold
0.955868307517,0.369019481443,0.915118139722,0.727671817554,0.179859163448,0.333333333333,0.243902439024,0.660378040391,0.287367951438,0.650001308798,0.205983369134,0.35945268325,buy
0.957185671471,0.364147812155,0.914201280515,0.732270723578,0.178454679797,0.392156862745,0.268292682927,0.629554258658,0.287368764175,0.642352419279,0.206444687882,0.347390359469,buy
0.958261518701,0.361281837246,0.913393479297,0.737602345845,0.178454679797,0.592592592593,0.341463414634,0.537082913458,0.287374954227,0.649058974426,0.20537780706,0.344140449091,buy
0.959622794788,0.356607730304,0.913077886707,0.74280896421,0.184309925287,0.407407407407,0.260162601626,0.628086092578,0.287370008631,0.652066205427,0.201700251971,0.316467190479,buy
0.960731576116,0.352780324181,0.912289387789,0.749123868895,0.181772720751,0.37037037037,0.243902439024,0.647901380835,0.287369938323,0.653761844563,0.199615437761,0.32071420179,buy
0.961730577115,0.350372595806,0.911429470364,0.755927933698,0.177471522139,0.203703703704,0.170731707317,0.737070177991,0.287367676416,0.65451561859,0.196821535485,0.370153156971,buy
0.962828380411,0.347706348925,0.910153588394,0.763887227353,0.267794863828,0.0740740740741,0.113821138211,0.806423686891,0.287365157691,0.655027092114,0.193281293113,0.388124889505,buy
0.963882271575,0.347098826596,0.908506137166,0.769251137808,0.197644790587,0.203703703704,0.170731707317,0.715407198067,0.287368693042,0.650001308798,0.190191973574,0.404893292227,buy
0.965078877167,0.346166594519,0.907233150541,0.779171591295,0.189983920926,0.796296296296,0.430894308943,0.372689410881,0.287427070436,0.536392154378,0.184258937997,0.420719814986,buy
0.966747538176,0.341948038604,0.907511103648,0.77947403494,0.190048341573,0.591836734694,0.317073170732,0.516533725636,0.287379968445,0.658585459218,0.176718000831,0.388553428694,hold
0.968119792296,0.340307712404,0.907101894907,0.781669019466,0.190153048549,0.612244897959,0.325203252033,0.557630633481,0.287378949994,0.657654206119,0.17259645352,0.368995833489,hold
